timestamp,value,metric_name,daemonset,instance,job,namespace
2025-07-05 07:18:06,3,kube_daemonset_status_number_available,beyla,10.244.2.7:8080,prometheus.scrape.annotated_pods,nimbusguard
2025-07-05 07:19:06,3,kube_daemonset_status_number_available,beyla,10.244.2.7:8080,prometheus.scrape.annotated_pods,nimbusguard
2025-07-05 07:20:06,3,kube_daemonset_status_number_available,beyla,10.244.2.7:8080,prometheus.scrape.annotated_pods,nimbusguard
2025-07-05 07:21:06,3,kube_daemonset_status_number_available,beyla,10.244.2.7:8080,prometheus.scrape.annotated_pods,nimbusguard
2025-07-05 07:22:06,3,kube_daemonset_status_number_available,beyla,10.244.2.7:8080,prometheus.scrape.annotated_pods,nimbusguard
2025-07-05 07:23:06,3,kube_daemonset_status_number_available,beyla,10.244.2.7:8080,prometheus.scrape.annotated_pods,nimbusguard
2025-07-05 07:24:06,3,kube_daemonset_status_number_available,beyla,10.244.2.7:8080,prometheus.scrape.annotated_pods,nimbusguard
2025-07-05 07:25:06,3,kube_daemonset_status_number_available,beyla,10.244.2.7:8080,prometheus.scrape.annotated_pods,nimbusguard
2025-07-05 07:26:06,3,kube_daemonset_status_number_available,beyla,10.244.2.7:8080,prometheus.scrape.annotated_pods,nimbusguard
2025-07-05 07:27:06,3,kube_daemonset_status_number_available,beyla,10.244.2.7:8080,prometheus.scrape.annotated_pods,nimbusguard
2025-07-05 07:28:06,3,kube_daemonset_status_number_available,beyla,10.244.2.7:8080,prometheus.scrape.annotated_pods,nimbusguard
2025-07-05 07:29:06,3,kube_daemonset_status_number_available,beyla,10.244.2.7:8080,prometheus.scrape.annotated_pods,nimbusguard
2025-07-05 07:30:06,3,kube_daemonset_status_number_available,beyla,10.244.2.7:8080,prometheus.scrape.annotated_pods,nimbusguard
2025-07-05 07:31:06,3,kube_daemonset_status_number_available,beyla,10.244.2.7:8080,prometheus.scrape.annotated_pods,nimbusguard
2025-07-05 07:32:06,3,kube_daemonset_status_number_available,beyla,10.244.2.7:8080,prometheus.scrape.annotated_pods,nimbusguard
2025-07-05 07:33:06,3,kube_daemonset_status_number_available,beyla,10.244.2.7:8080,prometheus.scrape.annotated_pods,nimbusguard
2025-07-05 07:34:06,3,kube_daemonset_status_number_available,beyla,10.244.2.7:8080,prometheus.scrape.annotated_pods,nimbusguard
2025-07-05 07:35:06,3,kube_daemonset_status_number_available,beyla,10.244.2.7:8080,prometheus.scrape.annotated_pods,nimbusguard
2025-07-05 07:36:06,3,kube_daemonset_status_number_available,beyla,10.244.2.7:8080,prometheus.scrape.annotated_pods,nimbusguard
2025-07-05 07:37:06,3,kube_daemonset_status_number_available,beyla,10.244.2.7:8080,prometheus.scrape.annotated_pods,nimbusguard
2025-07-05 07:38:06,3,kube_daemonset_status_number_available,beyla,10.244.2.7:8080,prometheus.scrape.annotated_pods,nimbusguard
2025-07-05 07:39:06,3,kube_daemonset_status_number_available,beyla,10.244.2.7:8080,prometheus.scrape.annotated_pods,nimbusguard
2025-07-05 07:40:06,3,kube_daemonset_status_number_available,beyla,10.244.2.7:8080,prometheus.scrape.annotated_pods,nimbusguard
2025-07-05 07:41:06,3,kube_daemonset_status_number_available,beyla,10.244.2.7:8080,prometheus.scrape.annotated_pods,nimbusguard
2025-07-05 07:42:06,3,kube_daemonset_status_number_available,beyla,10.244.2.7:8080,prometheus.scrape.annotated_pods,nimbusguard
2025-07-05 07:43:06,3,kube_daemonset_status_number_available,beyla,10.244.2.7:8080,prometheus.scrape.annotated_pods,nimbusguard
2025-07-05 07:18:06,3,kube_daemonset_status_number_available,beyla,kube-state-metrics.nimbusguard.svc:8080,prometheus.scrape.kube_state_metrics,nimbusguard
2025-07-05 07:19:06,3,kube_daemonset_status_number_available,beyla,kube-state-metrics.nimbusguard.svc:8080,prometheus.scrape.kube_state_metrics,nimbusguard
2025-07-05 07:20:06,3,kube_daemonset_status_number_available,beyla,kube-state-metrics.nimbusguard.svc:8080,prometheus.scrape.kube_state_metrics,nimbusguard
2025-07-05 07:21:06,3,kube_daemonset_status_number_available,beyla,kube-state-metrics.nimbusguard.svc:8080,prometheus.scrape.kube_state_metrics,nimbusguard
2025-07-05 07:22:06,3,kube_daemonset_status_number_available,beyla,kube-state-metrics.nimbusguard.svc:8080,prometheus.scrape.kube_state_metrics,nimbusguard
2025-07-05 07:23:06,3,kube_daemonset_status_number_available,beyla,kube-state-metrics.nimbusguard.svc:8080,prometheus.scrape.kube_state_metrics,nimbusguard
2025-07-05 07:24:06,3,kube_daemonset_status_number_available,beyla,kube-state-metrics.nimbusguard.svc:8080,prometheus.scrape.kube_state_metrics,nimbusguard
2025-07-05 07:25:06,3,kube_daemonset_status_number_available,beyla,kube-state-metrics.nimbusguard.svc:8080,prometheus.scrape.kube_state_metrics,nimbusguard
2025-07-05 07:26:06,3,kube_daemonset_status_number_available,beyla,kube-state-metrics.nimbusguard.svc:8080,prometheus.scrape.kube_state_metrics,nimbusguard
2025-07-05 07:27:06,3,kube_daemonset_status_number_available,beyla,kube-state-metrics.nimbusguard.svc:8080,prometheus.scrape.kube_state_metrics,nimbusguard
2025-07-05 07:28:06,3,kube_daemonset_status_number_available,beyla,kube-state-metrics.nimbusguard.svc:8080,prometheus.scrape.kube_state_metrics,nimbusguard
2025-07-05 07:29:06,3,kube_daemonset_status_number_available,beyla,kube-state-metrics.nimbusguard.svc:8080,prometheus.scrape.kube_state_metrics,nimbusguard
2025-07-05 07:30:06,3,kube_daemonset_status_number_available,beyla,kube-state-metrics.nimbusguard.svc:8080,prometheus.scrape.kube_state_metrics,nimbusguard
2025-07-05 07:31:06,3,kube_daemonset_status_number_available,beyla,kube-state-metrics.nimbusguard.svc:8080,prometheus.scrape.kube_state_metrics,nimbusguard
2025-07-05 07:32:06,3,kube_daemonset_status_number_available,beyla,kube-state-metrics.nimbusguard.svc:8080,prometheus.scrape.kube_state_metrics,nimbusguard
2025-07-05 07:33:06,3,kube_daemonset_status_number_available,beyla,kube-state-metrics.nimbusguard.svc:8080,prometheus.scrape.kube_state_metrics,nimbusguard
2025-07-05 07:34:06,3,kube_daemonset_status_number_available,beyla,kube-state-metrics.nimbusguard.svc:8080,prometheus.scrape.kube_state_metrics,nimbusguard
2025-07-05 07:35:06,3,kube_daemonset_status_number_available,beyla,kube-state-metrics.nimbusguard.svc:8080,prometheus.scrape.kube_state_metrics,nimbusguard
2025-07-05 07:36:06,3,kube_daemonset_status_number_available,beyla,kube-state-metrics.nimbusguard.svc:8080,prometheus.scrape.kube_state_metrics,nimbusguard
2025-07-05 07:37:06,3,kube_daemonset_status_number_available,beyla,kube-state-metrics.nimbusguard.svc:8080,prometheus.scrape.kube_state_metrics,nimbusguard
2025-07-05 07:38:06,3,kube_daemonset_status_number_available,beyla,kube-state-metrics.nimbusguard.svc:8080,prometheus.scrape.kube_state_metrics,nimbusguard
2025-07-05 07:39:06,3,kube_daemonset_status_number_available,beyla,kube-state-metrics.nimbusguard.svc:8080,prometheus.scrape.kube_state_metrics,nimbusguard
2025-07-05 07:40:06,3,kube_daemonset_status_number_available,beyla,kube-state-metrics.nimbusguard.svc:8080,prometheus.scrape.kube_state_metrics,nimbusguard
2025-07-05 07:41:06,3,kube_daemonset_status_number_available,beyla,kube-state-metrics.nimbusguard.svc:8080,prometheus.scrape.kube_state_metrics,nimbusguard
2025-07-05 07:42:06,3,kube_daemonset_status_number_available,beyla,kube-state-metrics.nimbusguard.svc:8080,prometheus.scrape.kube_state_metrics,nimbusguard
2025-07-05 07:43:06,3,kube_daemonset_status_number_available,beyla,kube-state-metrics.nimbusguard.svc:8080,prometheus.scrape.kube_state_metrics,nimbusguard
2025-07-05 07:18:06,3,kube_daemonset_status_number_available,kindnet,10.244.2.7:8080,prometheus.scrape.annotated_pods,kube-system
2025-07-05 07:19:06,3,kube_daemonset_status_number_available,kindnet,10.244.2.7:8080,prometheus.scrape.annotated_pods,kube-system
2025-07-05 07:20:06,3,kube_daemonset_status_number_available,kindnet,10.244.2.7:8080,prometheus.scrape.annotated_pods,kube-system
2025-07-05 07:21:06,3,kube_daemonset_status_number_available,kindnet,10.244.2.7:8080,prometheus.scrape.annotated_pods,kube-system
2025-07-05 07:22:06,3,kube_daemonset_status_number_available,kindnet,10.244.2.7:8080,prometheus.scrape.annotated_pods,kube-system
2025-07-05 07:23:06,3,kube_daemonset_status_number_available,kindnet,10.244.2.7:8080,prometheus.scrape.annotated_pods,kube-system
2025-07-05 07:24:06,3,kube_daemonset_status_number_available,kindnet,10.244.2.7:8080,prometheus.scrape.annotated_pods,kube-system
2025-07-05 07:25:06,3,kube_daemonset_status_number_available,kindnet,10.244.2.7:8080,prometheus.scrape.annotated_pods,kube-system
2025-07-05 07:26:06,3,kube_daemonset_status_number_available,kindnet,10.244.2.7:8080,prometheus.scrape.annotated_pods,kube-system
2025-07-05 07:27:06,3,kube_daemonset_status_number_available,kindnet,10.244.2.7:8080,prometheus.scrape.annotated_pods,kube-system
2025-07-05 07:28:06,3,kube_daemonset_status_number_available,kindnet,10.244.2.7:8080,prometheus.scrape.annotated_pods,kube-system
2025-07-05 07:29:06,3,kube_daemonset_status_number_available,kindnet,10.244.2.7:8080,prometheus.scrape.annotated_pods,kube-system
2025-07-05 07:30:06,3,kube_daemonset_status_number_available,kindnet,10.244.2.7:8080,prometheus.scrape.annotated_pods,kube-system
2025-07-05 07:31:06,3,kube_daemonset_status_number_available,kindnet,10.244.2.7:8080,prometheus.scrape.annotated_pods,kube-system
2025-07-05 07:32:06,3,kube_daemonset_status_number_available,kindnet,10.244.2.7:8080,prometheus.scrape.annotated_pods,kube-system
2025-07-05 07:33:06,3,kube_daemonset_status_number_available,kindnet,10.244.2.7:8080,prometheus.scrape.annotated_pods,kube-system
2025-07-05 07:34:06,3,kube_daemonset_status_number_available,kindnet,10.244.2.7:8080,prometheus.scrape.annotated_pods,kube-system
2025-07-05 07:35:06,3,kube_daemonset_status_number_available,kindnet,10.244.2.7:8080,prometheus.scrape.annotated_pods,kube-system
2025-07-05 07:36:06,3,kube_daemonset_status_number_available,kindnet,10.244.2.7:8080,prometheus.scrape.annotated_pods,kube-system
2025-07-05 07:37:06,3,kube_daemonset_status_number_available,kindnet,10.244.2.7:8080,prometheus.scrape.annotated_pods,kube-system
2025-07-05 07:38:06,3,kube_daemonset_status_number_available,kindnet,10.244.2.7:8080,prometheus.scrape.annotated_pods,kube-system
2025-07-05 07:39:06,3,kube_daemonset_status_number_available,kindnet,10.244.2.7:8080,prometheus.scrape.annotated_pods,kube-system
2025-07-05 07:40:06,3,kube_daemonset_status_number_available,kindnet,10.244.2.7:8080,prometheus.scrape.annotated_pods,kube-system
2025-07-05 07:41:06,3,kube_daemonset_status_number_available,kindnet,10.244.2.7:8080,prometheus.scrape.annotated_pods,kube-system
2025-07-05 07:42:06,3,kube_daemonset_status_number_available,kindnet,10.244.2.7:8080,prometheus.scrape.annotated_pods,kube-system
2025-07-05 07:43:06,3,kube_daemonset_status_number_available,kindnet,10.244.2.7:8080,prometheus.scrape.annotated_pods,kube-system
2025-07-05 07:18:06,3,kube_daemonset_status_number_available,kindnet,kube-state-metrics.nimbusguard.svc:8080,prometheus.scrape.kube_state_metrics,kube-system
2025-07-05 07:19:06,3,kube_daemonset_status_number_available,kindnet,kube-state-metrics.nimbusguard.svc:8080,prometheus.scrape.kube_state_metrics,kube-system
2025-07-05 07:20:06,3,kube_daemonset_status_number_available,kindnet,kube-state-metrics.nimbusguard.svc:8080,prometheus.scrape.kube_state_metrics,kube-system
2025-07-05 07:21:06,3,kube_daemonset_status_number_available,kindnet,kube-state-metrics.nimbusguard.svc:8080,prometheus.scrape.kube_state_metrics,kube-system
2025-07-05 07:22:06,3,kube_daemonset_status_number_available,kindnet,kube-state-metrics.nimbusguard.svc:8080,prometheus.scrape.kube_state_metrics,kube-system
2025-07-05 07:23:06,3,kube_daemonset_status_number_available,kindnet,kube-state-metrics.nimbusguard.svc:8080,prometheus.scrape.kube_state_metrics,kube-system
2025-07-05 07:24:06,3,kube_daemonset_status_number_available,kindnet,kube-state-metrics.nimbusguard.svc:8080,prometheus.scrape.kube_state_metrics,kube-system
2025-07-05 07:25:06,3,kube_daemonset_status_number_available,kindnet,kube-state-metrics.nimbusguard.svc:8080,prometheus.scrape.kube_state_metrics,kube-system
2025-07-05 07:26:06,3,kube_daemonset_status_number_available,kindnet,kube-state-metrics.nimbusguard.svc:8080,prometheus.scrape.kube_state_metrics,kube-system
2025-07-05 07:27:06,3,kube_daemonset_status_number_available,kindnet,kube-state-metrics.nimbusguard.svc:8080,prometheus.scrape.kube_state_metrics,kube-system
2025-07-05 07:28:06,3,kube_daemonset_status_number_available,kindnet,kube-state-metrics.nimbusguard.svc:8080,prometheus.scrape.kube_state_metrics,kube-system
2025-07-05 07:29:06,3,kube_daemonset_status_number_available,kindnet,kube-state-metrics.nimbusguard.svc:8080,prometheus.scrape.kube_state_metrics,kube-system
2025-07-05 07:30:06,3,kube_daemonset_status_number_available,kindnet,kube-state-metrics.nimbusguard.svc:8080,prometheus.scrape.kube_state_metrics,kube-system
2025-07-05 07:31:06,3,kube_daemonset_status_number_available,kindnet,kube-state-metrics.nimbusguard.svc:8080,prometheus.scrape.kube_state_metrics,kube-system
2025-07-05 07:32:06,3,kube_daemonset_status_number_available,kindnet,kube-state-metrics.nimbusguard.svc:8080,prometheus.scrape.kube_state_metrics,kube-system
2025-07-05 07:33:06,3,kube_daemonset_status_number_available,kindnet,kube-state-metrics.nimbusguard.svc:8080,prometheus.scrape.kube_state_metrics,kube-system
2025-07-05 07:34:06,3,kube_daemonset_status_number_available,kindnet,kube-state-metrics.nimbusguard.svc:8080,prometheus.scrape.kube_state_metrics,kube-system
2025-07-05 07:35:06,3,kube_daemonset_status_number_available,kindnet,kube-state-metrics.nimbusguard.svc:8080,prometheus.scrape.kube_state_metrics,kube-system
2025-07-05 07:36:06,3,kube_daemonset_status_number_available,kindnet,kube-state-metrics.nimbusguard.svc:8080,prometheus.scrape.kube_state_metrics,kube-system
2025-07-05 07:37:06,3,kube_daemonset_status_number_available,kindnet,kube-state-metrics.nimbusguard.svc:8080,prometheus.scrape.kube_state_metrics,kube-system
2025-07-05 07:38:06,3,kube_daemonset_status_number_available,kindnet,kube-state-metrics.nimbusguard.svc:8080,prometheus.scrape.kube_state_metrics,kube-system
2025-07-05 07:39:06,3,kube_daemonset_status_number_available,kindnet,kube-state-metrics.nimbusguard.svc:8080,prometheus.scrape.kube_state_metrics,kube-system
2025-07-05 07:40:06,3,kube_daemonset_status_number_available,kindnet,kube-state-metrics.nimbusguard.svc:8080,prometheus.scrape.kube_state_metrics,kube-system
2025-07-05 07:41:06,3,kube_daemonset_status_number_available,kindnet,kube-state-metrics.nimbusguard.svc:8080,prometheus.scrape.kube_state_metrics,kube-system
2025-07-05 07:42:06,3,kube_daemonset_status_number_available,kindnet,kube-state-metrics.nimbusguard.svc:8080,prometheus.scrape.kube_state_metrics,kube-system
2025-07-05 07:43:06,3,kube_daemonset_status_number_available,kindnet,kube-state-metrics.nimbusguard.svc:8080,prometheus.scrape.kube_state_metrics,kube-system
2025-07-05 07:18:06,3,kube_daemonset_status_number_available,kube-proxy,10.244.2.7:8080,prometheus.scrape.annotated_pods,kube-system
2025-07-05 07:19:06,3,kube_daemonset_status_number_available,kube-proxy,10.244.2.7:8080,prometheus.scrape.annotated_pods,kube-system
2025-07-05 07:20:06,3,kube_daemonset_status_number_available,kube-proxy,10.244.2.7:8080,prometheus.scrape.annotated_pods,kube-system
2025-07-05 07:21:06,3,kube_daemonset_status_number_available,kube-proxy,10.244.2.7:8080,prometheus.scrape.annotated_pods,kube-system
2025-07-05 07:22:06,3,kube_daemonset_status_number_available,kube-proxy,10.244.2.7:8080,prometheus.scrape.annotated_pods,kube-system
2025-07-05 07:23:06,3,kube_daemonset_status_number_available,kube-proxy,10.244.2.7:8080,prometheus.scrape.annotated_pods,kube-system
2025-07-05 07:24:06,3,kube_daemonset_status_number_available,kube-proxy,10.244.2.7:8080,prometheus.scrape.annotated_pods,kube-system
2025-07-05 07:25:06,3,kube_daemonset_status_number_available,kube-proxy,10.244.2.7:8080,prometheus.scrape.annotated_pods,kube-system
2025-07-05 07:26:06,3,kube_daemonset_status_number_available,kube-proxy,10.244.2.7:8080,prometheus.scrape.annotated_pods,kube-system
2025-07-05 07:27:06,3,kube_daemonset_status_number_available,kube-proxy,10.244.2.7:8080,prometheus.scrape.annotated_pods,kube-system
2025-07-05 07:28:06,3,kube_daemonset_status_number_available,kube-proxy,10.244.2.7:8080,prometheus.scrape.annotated_pods,kube-system
2025-07-05 07:29:06,3,kube_daemonset_status_number_available,kube-proxy,10.244.2.7:8080,prometheus.scrape.annotated_pods,kube-system
2025-07-05 07:30:06,3,kube_daemonset_status_number_available,kube-proxy,10.244.2.7:8080,prometheus.scrape.annotated_pods,kube-system
2025-07-05 07:31:06,3,kube_daemonset_status_number_available,kube-proxy,10.244.2.7:8080,prometheus.scrape.annotated_pods,kube-system
2025-07-05 07:32:06,3,kube_daemonset_status_number_available,kube-proxy,10.244.2.7:8080,prometheus.scrape.annotated_pods,kube-system
2025-07-05 07:33:06,3,kube_daemonset_status_number_available,kube-proxy,10.244.2.7:8080,prometheus.scrape.annotated_pods,kube-system
2025-07-05 07:34:06,3,kube_daemonset_status_number_available,kube-proxy,10.244.2.7:8080,prometheus.scrape.annotated_pods,kube-system
2025-07-05 07:35:06,3,kube_daemonset_status_number_available,kube-proxy,10.244.2.7:8080,prometheus.scrape.annotated_pods,kube-system
2025-07-05 07:36:06,3,kube_daemonset_status_number_available,kube-proxy,10.244.2.7:8080,prometheus.scrape.annotated_pods,kube-system
2025-07-05 07:37:06,3,kube_daemonset_status_number_available,kube-proxy,10.244.2.7:8080,prometheus.scrape.annotated_pods,kube-system
2025-07-05 07:38:06,3,kube_daemonset_status_number_available,kube-proxy,10.244.2.7:8080,prometheus.scrape.annotated_pods,kube-system
2025-07-05 07:39:06,3,kube_daemonset_status_number_available,kube-proxy,10.244.2.7:8080,prometheus.scrape.annotated_pods,kube-system
2025-07-05 07:40:06,3,kube_daemonset_status_number_available,kube-proxy,10.244.2.7:8080,prometheus.scrape.annotated_pods,kube-system
2025-07-05 07:41:06,3,kube_daemonset_status_number_available,kube-proxy,10.244.2.7:8080,prometheus.scrape.annotated_pods,kube-system
2025-07-05 07:42:06,3,kube_daemonset_status_number_available,kube-proxy,10.244.2.7:8080,prometheus.scrape.annotated_pods,kube-system
2025-07-05 07:43:06,3,kube_daemonset_status_number_available,kube-proxy,10.244.2.7:8080,prometheus.scrape.annotated_pods,kube-system
2025-07-05 07:18:06,3,kube_daemonset_status_number_available,kube-proxy,kube-state-metrics.nimbusguard.svc:8080,prometheus.scrape.kube_state_metrics,kube-system
2025-07-05 07:19:06,3,kube_daemonset_status_number_available,kube-proxy,kube-state-metrics.nimbusguard.svc:8080,prometheus.scrape.kube_state_metrics,kube-system
2025-07-05 07:20:06,3,kube_daemonset_status_number_available,kube-proxy,kube-state-metrics.nimbusguard.svc:8080,prometheus.scrape.kube_state_metrics,kube-system
2025-07-05 07:21:06,3,kube_daemonset_status_number_available,kube-proxy,kube-state-metrics.nimbusguard.svc:8080,prometheus.scrape.kube_state_metrics,kube-system
2025-07-05 07:22:06,3,kube_daemonset_status_number_available,kube-proxy,kube-state-metrics.nimbusguard.svc:8080,prometheus.scrape.kube_state_metrics,kube-system
2025-07-05 07:23:06,3,kube_daemonset_status_number_available,kube-proxy,kube-state-metrics.nimbusguard.svc:8080,prometheus.scrape.kube_state_metrics,kube-system
2025-07-05 07:24:06,3,kube_daemonset_status_number_available,kube-proxy,kube-state-metrics.nimbusguard.svc:8080,prometheus.scrape.kube_state_metrics,kube-system
2025-07-05 07:25:06,3,kube_daemonset_status_number_available,kube-proxy,kube-state-metrics.nimbusguard.svc:8080,prometheus.scrape.kube_state_metrics,kube-system
2025-07-05 07:26:06,3,kube_daemonset_status_number_available,kube-proxy,kube-state-metrics.nimbusguard.svc:8080,prometheus.scrape.kube_state_metrics,kube-system
2025-07-05 07:27:06,3,kube_daemonset_status_number_available,kube-proxy,kube-state-metrics.nimbusguard.svc:8080,prometheus.scrape.kube_state_metrics,kube-system
2025-07-05 07:28:06,3,kube_daemonset_status_number_available,kube-proxy,kube-state-metrics.nimbusguard.svc:8080,prometheus.scrape.kube_state_metrics,kube-system
2025-07-05 07:29:06,3,kube_daemonset_status_number_available,kube-proxy,kube-state-metrics.nimbusguard.svc:8080,prometheus.scrape.kube_state_metrics,kube-system
2025-07-05 07:30:06,3,kube_daemonset_status_number_available,kube-proxy,kube-state-metrics.nimbusguard.svc:8080,prometheus.scrape.kube_state_metrics,kube-system
2025-07-05 07:31:06,3,kube_daemonset_status_number_available,kube-proxy,kube-state-metrics.nimbusguard.svc:8080,prometheus.scrape.kube_state_metrics,kube-system
2025-07-05 07:32:06,3,kube_daemonset_status_number_available,kube-proxy,kube-state-metrics.nimbusguard.svc:8080,prometheus.scrape.kube_state_metrics,kube-system
2025-07-05 07:33:06,3,kube_daemonset_status_number_available,kube-proxy,kube-state-metrics.nimbusguard.svc:8080,prometheus.scrape.kube_state_metrics,kube-system
2025-07-05 07:34:06,3,kube_daemonset_status_number_available,kube-proxy,kube-state-metrics.nimbusguard.svc:8080,prometheus.scrape.kube_state_metrics,kube-system
2025-07-05 07:35:06,3,kube_daemonset_status_number_available,kube-proxy,kube-state-metrics.nimbusguard.svc:8080,prometheus.scrape.kube_state_metrics,kube-system
2025-07-05 07:36:06,3,kube_daemonset_status_number_available,kube-proxy,kube-state-metrics.nimbusguard.svc:8080,prometheus.scrape.kube_state_metrics,kube-system
2025-07-05 07:37:06,3,kube_daemonset_status_number_available,kube-proxy,kube-state-metrics.nimbusguard.svc:8080,prometheus.scrape.kube_state_metrics,kube-system
2025-07-05 07:38:06,3,kube_daemonset_status_number_available,kube-proxy,kube-state-metrics.nimbusguard.svc:8080,prometheus.scrape.kube_state_metrics,kube-system
2025-07-05 07:39:06,3,kube_daemonset_status_number_available,kube-proxy,kube-state-metrics.nimbusguard.svc:8080,prometheus.scrape.kube_state_metrics,kube-system
2025-07-05 07:40:06,3,kube_daemonset_status_number_available,kube-proxy,kube-state-metrics.nimbusguard.svc:8080,prometheus.scrape.kube_state_metrics,kube-system
2025-07-05 07:41:06,3,kube_daemonset_status_number_available,kube-proxy,kube-state-metrics.nimbusguard.svc:8080,prometheus.scrape.kube_state_metrics,kube-system
2025-07-05 07:42:06,3,kube_daemonset_status_number_available,kube-proxy,kube-state-metrics.nimbusguard.svc:8080,prometheus.scrape.kube_state_metrics,kube-system
2025-07-05 07:43:06,3,kube_daemonset_status_number_available,kube-proxy,kube-state-metrics.nimbusguard.svc:8080,prometheus.scrape.kube_state_metrics,kube-system
2025-07-05 07:18:06,3,kube_daemonset_status_number_available,node-exporter,10.244.2.7:8080,prometheus.scrape.annotated_pods,nimbusguard
2025-07-05 07:19:06,3,kube_daemonset_status_number_available,node-exporter,10.244.2.7:8080,prometheus.scrape.annotated_pods,nimbusguard
2025-07-05 07:20:06,3,kube_daemonset_status_number_available,node-exporter,10.244.2.7:8080,prometheus.scrape.annotated_pods,nimbusguard
2025-07-05 07:21:06,3,kube_daemonset_status_number_available,node-exporter,10.244.2.7:8080,prometheus.scrape.annotated_pods,nimbusguard
2025-07-05 07:22:06,3,kube_daemonset_status_number_available,node-exporter,10.244.2.7:8080,prometheus.scrape.annotated_pods,nimbusguard
2025-07-05 07:23:06,3,kube_daemonset_status_number_available,node-exporter,10.244.2.7:8080,prometheus.scrape.annotated_pods,nimbusguard
2025-07-05 07:24:06,3,kube_daemonset_status_number_available,node-exporter,10.244.2.7:8080,prometheus.scrape.annotated_pods,nimbusguard
2025-07-05 07:25:06,3,kube_daemonset_status_number_available,node-exporter,10.244.2.7:8080,prometheus.scrape.annotated_pods,nimbusguard
2025-07-05 07:26:06,3,kube_daemonset_status_number_available,node-exporter,10.244.2.7:8080,prometheus.scrape.annotated_pods,nimbusguard
2025-07-05 07:27:06,3,kube_daemonset_status_number_available,node-exporter,10.244.2.7:8080,prometheus.scrape.annotated_pods,nimbusguard
2025-07-05 07:28:06,3,kube_daemonset_status_number_available,node-exporter,10.244.2.7:8080,prometheus.scrape.annotated_pods,nimbusguard
2025-07-05 07:29:06,3,kube_daemonset_status_number_available,node-exporter,10.244.2.7:8080,prometheus.scrape.annotated_pods,nimbusguard
2025-07-05 07:30:06,3,kube_daemonset_status_number_available,node-exporter,10.244.2.7:8080,prometheus.scrape.annotated_pods,nimbusguard
2025-07-05 07:31:06,3,kube_daemonset_status_number_available,node-exporter,10.244.2.7:8080,prometheus.scrape.annotated_pods,nimbusguard
2025-07-05 07:32:06,3,kube_daemonset_status_number_available,node-exporter,10.244.2.7:8080,prometheus.scrape.annotated_pods,nimbusguard
2025-07-05 07:33:06,3,kube_daemonset_status_number_available,node-exporter,10.244.2.7:8080,prometheus.scrape.annotated_pods,nimbusguard
2025-07-05 07:34:06,3,kube_daemonset_status_number_available,node-exporter,10.244.2.7:8080,prometheus.scrape.annotated_pods,nimbusguard
2025-07-05 07:35:06,3,kube_daemonset_status_number_available,node-exporter,10.244.2.7:8080,prometheus.scrape.annotated_pods,nimbusguard
2025-07-05 07:36:06,3,kube_daemonset_status_number_available,node-exporter,10.244.2.7:8080,prometheus.scrape.annotated_pods,nimbusguard
2025-07-05 07:37:06,3,kube_daemonset_status_number_available,node-exporter,10.244.2.7:8080,prometheus.scrape.annotated_pods,nimbusguard
2025-07-05 07:38:06,3,kube_daemonset_status_number_available,node-exporter,10.244.2.7:8080,prometheus.scrape.annotated_pods,nimbusguard
2025-07-05 07:39:06,3,kube_daemonset_status_number_available,node-exporter,10.244.2.7:8080,prometheus.scrape.annotated_pods,nimbusguard
2025-07-05 07:40:06,3,kube_daemonset_status_number_available,node-exporter,10.244.2.7:8080,prometheus.scrape.annotated_pods,nimbusguard
2025-07-05 07:41:06,3,kube_daemonset_status_number_available,node-exporter,10.244.2.7:8080,prometheus.scrape.annotated_pods,nimbusguard
2025-07-05 07:42:06,3,kube_daemonset_status_number_available,node-exporter,10.244.2.7:8080,prometheus.scrape.annotated_pods,nimbusguard
2025-07-05 07:43:06,3,kube_daemonset_status_number_available,node-exporter,10.244.2.7:8080,prometheus.scrape.annotated_pods,nimbusguard
2025-07-05 07:18:06,3,kube_daemonset_status_number_available,node-exporter,kube-state-metrics.nimbusguard.svc:8080,prometheus.scrape.kube_state_metrics,nimbusguard
2025-07-05 07:19:06,3,kube_daemonset_status_number_available,node-exporter,kube-state-metrics.nimbusguard.svc:8080,prometheus.scrape.kube_state_metrics,nimbusguard
2025-07-05 07:20:06,3,kube_daemonset_status_number_available,node-exporter,kube-state-metrics.nimbusguard.svc:8080,prometheus.scrape.kube_state_metrics,nimbusguard
2025-07-05 07:21:06,3,kube_daemonset_status_number_available,node-exporter,kube-state-metrics.nimbusguard.svc:8080,prometheus.scrape.kube_state_metrics,nimbusguard
2025-07-05 07:22:06,3,kube_daemonset_status_number_available,node-exporter,kube-state-metrics.nimbusguard.svc:8080,prometheus.scrape.kube_state_metrics,nimbusguard
2025-07-05 07:23:06,3,kube_daemonset_status_number_available,node-exporter,kube-state-metrics.nimbusguard.svc:8080,prometheus.scrape.kube_state_metrics,nimbusguard
2025-07-05 07:24:06,3,kube_daemonset_status_number_available,node-exporter,kube-state-metrics.nimbusguard.svc:8080,prometheus.scrape.kube_state_metrics,nimbusguard
2025-07-05 07:25:06,3,kube_daemonset_status_number_available,node-exporter,kube-state-metrics.nimbusguard.svc:8080,prometheus.scrape.kube_state_metrics,nimbusguard
2025-07-05 07:26:06,3,kube_daemonset_status_number_available,node-exporter,kube-state-metrics.nimbusguard.svc:8080,prometheus.scrape.kube_state_metrics,nimbusguard
2025-07-05 07:27:06,3,kube_daemonset_status_number_available,node-exporter,kube-state-metrics.nimbusguard.svc:8080,prometheus.scrape.kube_state_metrics,nimbusguard
2025-07-05 07:28:06,3,kube_daemonset_status_number_available,node-exporter,kube-state-metrics.nimbusguard.svc:8080,prometheus.scrape.kube_state_metrics,nimbusguard
2025-07-05 07:29:06,3,kube_daemonset_status_number_available,node-exporter,kube-state-metrics.nimbusguard.svc:8080,prometheus.scrape.kube_state_metrics,nimbusguard
2025-07-05 07:30:06,3,kube_daemonset_status_number_available,node-exporter,kube-state-metrics.nimbusguard.svc:8080,prometheus.scrape.kube_state_metrics,nimbusguard
2025-07-05 07:31:06,3,kube_daemonset_status_number_available,node-exporter,kube-state-metrics.nimbusguard.svc:8080,prometheus.scrape.kube_state_metrics,nimbusguard
2025-07-05 07:32:06,3,kube_daemonset_status_number_available,node-exporter,kube-state-metrics.nimbusguard.svc:8080,prometheus.scrape.kube_state_metrics,nimbusguard
2025-07-05 07:33:06,3,kube_daemonset_status_number_available,node-exporter,kube-state-metrics.nimbusguard.svc:8080,prometheus.scrape.kube_state_metrics,nimbusguard
2025-07-05 07:34:06,3,kube_daemonset_status_number_available,node-exporter,kube-state-metrics.nimbusguard.svc:8080,prometheus.scrape.kube_state_metrics,nimbusguard
2025-07-05 07:35:06,3,kube_daemonset_status_number_available,node-exporter,kube-state-metrics.nimbusguard.svc:8080,prometheus.scrape.kube_state_metrics,nimbusguard
2025-07-05 07:36:06,3,kube_daemonset_status_number_available,node-exporter,kube-state-metrics.nimbusguard.svc:8080,prometheus.scrape.kube_state_metrics,nimbusguard
2025-07-05 07:37:06,3,kube_daemonset_status_number_available,node-exporter,kube-state-metrics.nimbusguard.svc:8080,prometheus.scrape.kube_state_metrics,nimbusguard
2025-07-05 07:38:06,3,kube_daemonset_status_number_available,node-exporter,kube-state-metrics.nimbusguard.svc:8080,prometheus.scrape.kube_state_metrics,nimbusguard
2025-07-05 07:39:06,3,kube_daemonset_status_number_available,node-exporter,kube-state-metrics.nimbusguard.svc:8080,prometheus.scrape.kube_state_metrics,nimbusguard
2025-07-05 07:40:06,3,kube_daemonset_status_number_available,node-exporter,kube-state-metrics.nimbusguard.svc:8080,prometheus.scrape.kube_state_metrics,nimbusguard
2025-07-05 07:41:06,3,kube_daemonset_status_number_available,node-exporter,kube-state-metrics.nimbusguard.svc:8080,prometheus.scrape.kube_state_metrics,nimbusguard
2025-07-05 07:42:06,3,kube_daemonset_status_number_available,node-exporter,kube-state-metrics.nimbusguard.svc:8080,prometheus.scrape.kube_state_metrics,nimbusguard
2025-07-05 07:43:06,3,kube_daemonset_status_number_available,node-exporter,kube-state-metrics.nimbusguard.svc:8080,prometheus.scrape.kube_state_metrics,nimbusguard
