timestamp,value,metric_name,device,instance,job
2025-07-05 07:18:06,1250000000,node_network_speed_bytes,eth0,172.18.0.2:9100,prometheus.scrape.annotated_pods
2025-07-05 07:19:06,1250000000,node_network_speed_bytes,eth0,172.18.0.2:9100,prometheus.scrape.annotated_pods
2025-07-05 07:20:06,1250000000,node_network_speed_bytes,eth0,172.18.0.2:9100,prometheus.scrape.annotated_pods
2025-07-05 07:21:06,1250000000,node_network_speed_bytes,eth0,172.18.0.2:9100,prometheus.scrape.annotated_pods
2025-07-05 07:22:06,1250000000,node_network_speed_bytes,eth0,172.18.0.2:9100,prometheus.scrape.annotated_pods
2025-07-05 07:23:06,1250000000,node_network_speed_bytes,eth0,172.18.0.2:9100,prometheus.scrape.annotated_pods
2025-07-05 07:24:06,1250000000,node_network_speed_bytes,eth0,172.18.0.2:9100,prometheus.scrape.annotated_pods
2025-07-05 07:25:06,1250000000,node_network_speed_bytes,eth0,172.18.0.2:9100,prometheus.scrape.annotated_pods
2025-07-05 07:26:06,1250000000,node_network_speed_bytes,eth0,172.18.0.2:9100,prometheus.scrape.annotated_pods
2025-07-05 07:27:06,1250000000,node_network_speed_bytes,eth0,172.18.0.2:9100,prometheus.scrape.annotated_pods
2025-07-05 07:28:06,1250000000,node_network_speed_bytes,eth0,172.18.0.2:9100,prometheus.scrape.annotated_pods
2025-07-05 07:29:06,1250000000,node_network_speed_bytes,eth0,172.18.0.2:9100,prometheus.scrape.annotated_pods
2025-07-05 07:30:06,1250000000,node_network_speed_bytes,eth0,172.18.0.2:9100,prometheus.scrape.annotated_pods
2025-07-05 07:31:06,1250000000,node_network_speed_bytes,eth0,172.18.0.2:9100,prometheus.scrape.annotated_pods
2025-07-05 07:32:06,1250000000,node_network_speed_bytes,eth0,172.18.0.2:9100,prometheus.scrape.annotated_pods
2025-07-05 07:33:06,1250000000,node_network_speed_bytes,eth0,172.18.0.2:9100,prometheus.scrape.annotated_pods
2025-07-05 07:34:06,1250000000,node_network_speed_bytes,eth0,172.18.0.2:9100,prometheus.scrape.annotated_pods
2025-07-05 07:35:06,1250000000,node_network_speed_bytes,eth0,172.18.0.2:9100,prometheus.scrape.annotated_pods
2025-07-05 07:36:06,1250000000,node_network_speed_bytes,eth0,172.18.0.2:9100,prometheus.scrape.annotated_pods
2025-07-05 07:37:06,1250000000,node_network_speed_bytes,eth0,172.18.0.2:9100,prometheus.scrape.annotated_pods
2025-07-05 07:38:06,1250000000,node_network_speed_bytes,eth0,172.18.0.2:9100,prometheus.scrape.annotated_pods
2025-07-05 07:39:06,1250000000,node_network_speed_bytes,eth0,172.18.0.2:9100,prometheus.scrape.annotated_pods
2025-07-05 07:40:06,1250000000,node_network_speed_bytes,eth0,172.18.0.2:9100,prometheus.scrape.annotated_pods
2025-07-05 07:41:06,1250000000,node_network_speed_bytes,eth0,172.18.0.2:9100,prometheus.scrape.annotated_pods
2025-07-05 07:42:06,1250000000,node_network_speed_bytes,eth0,172.18.0.2:9100,prometheus.scrape.annotated_pods
2025-07-05 07:43:06,1250000000,node_network_speed_bytes,eth0,172.18.0.2:9100,prometheus.scrape.annotated_pods
2025-07-05 07:18:06,1250000000,node_network_speed_bytes,eth0,172.18.0.3:9100,prometheus.scrape.annotated_pods
2025-07-05 07:19:06,1250000000,node_network_speed_bytes,eth0,172.18.0.3:9100,prometheus.scrape.annotated_pods
2025-07-05 07:20:06,1250000000,node_network_speed_bytes,eth0,172.18.0.3:9100,prometheus.scrape.annotated_pods
2025-07-05 07:21:06,1250000000,node_network_speed_bytes,eth0,172.18.0.3:9100,prometheus.scrape.annotated_pods
2025-07-05 07:22:06,1250000000,node_network_speed_bytes,eth0,172.18.0.3:9100,prometheus.scrape.annotated_pods
2025-07-05 07:23:06,1250000000,node_network_speed_bytes,eth0,172.18.0.3:9100,prometheus.scrape.annotated_pods
2025-07-05 07:24:06,1250000000,node_network_speed_bytes,eth0,172.18.0.3:9100,prometheus.scrape.annotated_pods
2025-07-05 07:25:06,1250000000,node_network_speed_bytes,eth0,172.18.0.3:9100,prometheus.scrape.annotated_pods
2025-07-05 07:26:06,1250000000,node_network_speed_bytes,eth0,172.18.0.3:9100,prometheus.scrape.annotated_pods
2025-07-05 07:27:06,1250000000,node_network_speed_bytes,eth0,172.18.0.3:9100,prometheus.scrape.annotated_pods
2025-07-05 07:28:06,1250000000,node_network_speed_bytes,eth0,172.18.0.3:9100,prometheus.scrape.annotated_pods
2025-07-05 07:29:06,1250000000,node_network_speed_bytes,eth0,172.18.0.3:9100,prometheus.scrape.annotated_pods
2025-07-05 07:30:06,1250000000,node_network_speed_bytes,eth0,172.18.0.3:9100,prometheus.scrape.annotated_pods
2025-07-05 07:31:06,1250000000,node_network_speed_bytes,eth0,172.18.0.3:9100,prometheus.scrape.annotated_pods
2025-07-05 07:32:06,1250000000,node_network_speed_bytes,eth0,172.18.0.3:9100,prometheus.scrape.annotated_pods
2025-07-05 07:33:06,1250000000,node_network_speed_bytes,eth0,172.18.0.3:9100,prometheus.scrape.annotated_pods
2025-07-05 07:34:06,1250000000,node_network_speed_bytes,eth0,172.18.0.3:9100,prometheus.scrape.annotated_pods
2025-07-05 07:35:06,1250000000,node_network_speed_bytes,eth0,172.18.0.3:9100,prometheus.scrape.annotated_pods
2025-07-05 07:36:06,1250000000,node_network_speed_bytes,eth0,172.18.0.3:9100,prometheus.scrape.annotated_pods
2025-07-05 07:37:06,1250000000,node_network_speed_bytes,eth0,172.18.0.3:9100,prometheus.scrape.annotated_pods
2025-07-05 07:38:06,1250000000,node_network_speed_bytes,eth0,172.18.0.3:9100,prometheus.scrape.annotated_pods
2025-07-05 07:39:06,1250000000,node_network_speed_bytes,eth0,172.18.0.3:9100,prometheus.scrape.annotated_pods
2025-07-05 07:40:06,1250000000,node_network_speed_bytes,eth0,172.18.0.3:9100,prometheus.scrape.annotated_pods
2025-07-05 07:41:06,1250000000,node_network_speed_bytes,eth0,172.18.0.3:9100,prometheus.scrape.annotated_pods
2025-07-05 07:42:06,1250000000,node_network_speed_bytes,eth0,172.18.0.3:9100,prometheus.scrape.annotated_pods
2025-07-05 07:43:06,1250000000,node_network_speed_bytes,eth0,172.18.0.3:9100,prometheus.scrape.annotated_pods
2025-07-05 07:18:06,1250000000,node_network_speed_bytes,eth0,172.18.0.4:9100,prometheus.scrape.annotated_pods
2025-07-05 07:19:06,1250000000,node_network_speed_bytes,eth0,172.18.0.4:9100,prometheus.scrape.annotated_pods
2025-07-05 07:20:06,1250000000,node_network_speed_bytes,eth0,172.18.0.4:9100,prometheus.scrape.annotated_pods
2025-07-05 07:21:06,1250000000,node_network_speed_bytes,eth0,172.18.0.4:9100,prometheus.scrape.annotated_pods
2025-07-05 07:22:06,1250000000,node_network_speed_bytes,eth0,172.18.0.4:9100,prometheus.scrape.annotated_pods
2025-07-05 07:23:06,1250000000,node_network_speed_bytes,eth0,172.18.0.4:9100,prometheus.scrape.annotated_pods
2025-07-05 07:24:06,1250000000,node_network_speed_bytes,eth0,172.18.0.4:9100,prometheus.scrape.annotated_pods
2025-07-05 07:25:06,1250000000,node_network_speed_bytes,eth0,172.18.0.4:9100,prometheus.scrape.annotated_pods
2025-07-05 07:26:06,1250000000,node_network_speed_bytes,eth0,172.18.0.4:9100,prometheus.scrape.annotated_pods
2025-07-05 07:27:06,1250000000,node_network_speed_bytes,eth0,172.18.0.4:9100,prometheus.scrape.annotated_pods
2025-07-05 07:28:06,1250000000,node_network_speed_bytes,eth0,172.18.0.4:9100,prometheus.scrape.annotated_pods
2025-07-05 07:29:06,1250000000,node_network_speed_bytes,eth0,172.18.0.4:9100,prometheus.scrape.annotated_pods
2025-07-05 07:30:06,1250000000,node_network_speed_bytes,eth0,172.18.0.4:9100,prometheus.scrape.annotated_pods
2025-07-05 07:31:06,1250000000,node_network_speed_bytes,eth0,172.18.0.4:9100,prometheus.scrape.annotated_pods
2025-07-05 07:32:06,1250000000,node_network_speed_bytes,eth0,172.18.0.4:9100,prometheus.scrape.annotated_pods
2025-07-05 07:33:06,1250000000,node_network_speed_bytes,eth0,172.18.0.4:9100,prometheus.scrape.annotated_pods
2025-07-05 07:34:06,1250000000,node_network_speed_bytes,eth0,172.18.0.4:9100,prometheus.scrape.annotated_pods
2025-07-05 07:35:06,1250000000,node_network_speed_bytes,eth0,172.18.0.4:9100,prometheus.scrape.annotated_pods
2025-07-05 07:36:06,1250000000,node_network_speed_bytes,eth0,172.18.0.4:9100,prometheus.scrape.annotated_pods
2025-07-05 07:37:06,1250000000,node_network_speed_bytes,eth0,172.18.0.4:9100,prometheus.scrape.annotated_pods
2025-07-05 07:38:06,1250000000,node_network_speed_bytes,eth0,172.18.0.4:9100,prometheus.scrape.annotated_pods
2025-07-05 07:39:06,1250000000,node_network_speed_bytes,eth0,172.18.0.4:9100,prometheus.scrape.annotated_pods
2025-07-05 07:40:06,1250000000,node_network_speed_bytes,eth0,172.18.0.4:9100,prometheus.scrape.annotated_pods
2025-07-05 07:41:06,1250000000,node_network_speed_bytes,eth0,172.18.0.4:9100,prometheus.scrape.annotated_pods
2025-07-05 07:42:06,1250000000,node_network_speed_bytes,eth0,172.18.0.4:9100,prometheus.scrape.annotated_pods
2025-07-05 07:43:06,1250000000,node_network_speed_bytes,eth0,172.18.0.4:9100,prometheus.scrape.annotated_pods
2025-07-05 07:18:06,1250000000,node_network_speed_bytes,eth0,node-exporter.nimbusguard.svc:9100,prometheus.scrape.node_exporter
2025-07-05 07:19:06,1250000000,node_network_speed_bytes,eth0,node-exporter.nimbusguard.svc:9100,prometheus.scrape.node_exporter
2025-07-05 07:20:06,1250000000,node_network_speed_bytes,eth0,node-exporter.nimbusguard.svc:9100,prometheus.scrape.node_exporter
2025-07-05 07:21:06,1250000000,node_network_speed_bytes,eth0,node-exporter.nimbusguard.svc:9100,prometheus.scrape.node_exporter
2025-07-05 07:22:06,1250000000,node_network_speed_bytes,eth0,node-exporter.nimbusguard.svc:9100,prometheus.scrape.node_exporter
2025-07-05 07:23:06,1250000000,node_network_speed_bytes,eth0,node-exporter.nimbusguard.svc:9100,prometheus.scrape.node_exporter
2025-07-05 07:24:06,1250000000,node_network_speed_bytes,eth0,node-exporter.nimbusguard.svc:9100,prometheus.scrape.node_exporter
2025-07-05 07:25:06,1250000000,node_network_speed_bytes,eth0,node-exporter.nimbusguard.svc:9100,prometheus.scrape.node_exporter
2025-07-05 07:26:06,1250000000,node_network_speed_bytes,eth0,node-exporter.nimbusguard.svc:9100,prometheus.scrape.node_exporter
2025-07-05 07:27:06,1250000000,node_network_speed_bytes,eth0,node-exporter.nimbusguard.svc:9100,prometheus.scrape.node_exporter
2025-07-05 07:28:06,1250000000,node_network_speed_bytes,eth0,node-exporter.nimbusguard.svc:9100,prometheus.scrape.node_exporter
2025-07-05 07:29:06,1250000000,node_network_speed_bytes,eth0,node-exporter.nimbusguard.svc:9100,prometheus.scrape.node_exporter
2025-07-05 07:30:06,1250000000,node_network_speed_bytes,eth0,node-exporter.nimbusguard.svc:9100,prometheus.scrape.node_exporter
2025-07-05 07:31:06,1250000000,node_network_speed_bytes,eth0,node-exporter.nimbusguard.svc:9100,prometheus.scrape.node_exporter
2025-07-05 07:32:06,1250000000,node_network_speed_bytes,eth0,node-exporter.nimbusguard.svc:9100,prometheus.scrape.node_exporter
2025-07-05 07:33:06,1250000000,node_network_speed_bytes,eth0,node-exporter.nimbusguard.svc:9100,prometheus.scrape.node_exporter
2025-07-05 07:34:06,1250000000,node_network_speed_bytes,eth0,node-exporter.nimbusguard.svc:9100,prometheus.scrape.node_exporter
2025-07-05 07:35:06,1250000000,node_network_speed_bytes,eth0,node-exporter.nimbusguard.svc:9100,prometheus.scrape.node_exporter
2025-07-05 07:36:06,1250000000,node_network_speed_bytes,eth0,node-exporter.nimbusguard.svc:9100,prometheus.scrape.node_exporter
2025-07-05 07:37:06,1250000000,node_network_speed_bytes,eth0,node-exporter.nimbusguard.svc:9100,prometheus.scrape.node_exporter
2025-07-05 07:38:06,1250000000,node_network_speed_bytes,eth0,node-exporter.nimbusguard.svc:9100,prometheus.scrape.node_exporter
2025-07-05 07:39:06,1250000000,node_network_speed_bytes,eth0,node-exporter.nimbusguard.svc:9100,prometheus.scrape.node_exporter
2025-07-05 07:40:06,1250000000,node_network_speed_bytes,eth0,node-exporter.nimbusguard.svc:9100,prometheus.scrape.node_exporter
2025-07-05 07:41:06,1250000000,node_network_speed_bytes,eth0,node-exporter.nimbusguard.svc:9100,prometheus.scrape.node_exporter
2025-07-05 07:42:06,1250000000,node_network_speed_bytes,eth0,node-exporter.nimbusguard.svc:9100,prometheus.scrape.node_exporter
2025-07-05 07:43:06,1250000000,node_network_speed_bytes,eth0,node-exporter.nimbusguard.svc:9100,prometheus.scrape.node_exporter
2025-07-05 07:30:06,1250000000,node_network_speed_bytes,veth00a5f8af,172.18.0.3:9100,prometheus.scrape.annotated_pods
2025-07-05 07:31:06,1250000000,node_network_speed_bytes,veth00a5f8af,172.18.0.3:9100,prometheus.scrape.annotated_pods
2025-07-05 07:32:06,1250000000,node_network_speed_bytes,veth00a5f8af,172.18.0.3:9100,prometheus.scrape.annotated_pods
2025-07-05 07:33:06,1250000000,node_network_speed_bytes,veth00a5f8af,172.18.0.3:9100,prometheus.scrape.annotated_pods
2025-07-05 07:34:06,1250000000,node_network_speed_bytes,veth00a5f8af,172.18.0.3:9100,prometheus.scrape.annotated_pods
2025-07-05 07:35:06,1250000000,node_network_speed_bytes,veth00a5f8af,172.18.0.3:9100,prometheus.scrape.annotated_pods
2025-07-05 07:36:06,1250000000,node_network_speed_bytes,veth00a5f8af,172.18.0.3:9100,prometheus.scrape.annotated_pods
2025-07-05 07:37:06,1250000000,node_network_speed_bytes,veth00a5f8af,172.18.0.3:9100,prometheus.scrape.annotated_pods
2025-07-05 07:38:06,1250000000,node_network_speed_bytes,veth00a5f8af,172.18.0.3:9100,prometheus.scrape.annotated_pods
2025-07-05 07:39:06,1250000000,node_network_speed_bytes,veth00a5f8af,172.18.0.3:9100,prometheus.scrape.annotated_pods
2025-07-05 07:40:06,1250000000,node_network_speed_bytes,veth00a5f8af,172.18.0.3:9100,prometheus.scrape.annotated_pods
2025-07-05 07:41:06,1250000000,node_network_speed_bytes,veth00a5f8af,172.18.0.3:9100,prometheus.scrape.annotated_pods
2025-07-05 07:42:06,1250000000,node_network_speed_bytes,veth00a5f8af,172.18.0.3:9100,prometheus.scrape.annotated_pods
2025-07-05 07:43:06,1250000000,node_network_speed_bytes,veth00a5f8af,172.18.0.3:9100,prometheus.scrape.annotated_pods
2025-07-05 07:18:06,1250000000,node_network_speed_bytes,veth1e0d1300,172.18.0.3:9100,prometheus.scrape.annotated_pods
2025-07-05 07:19:06,1250000000,node_network_speed_bytes,veth1e0d1300,172.18.0.3:9100,prometheus.scrape.annotated_pods
2025-07-05 07:20:06,1250000000,node_network_speed_bytes,veth1e0d1300,172.18.0.3:9100,prometheus.scrape.annotated_pods
2025-07-05 07:21:06,1250000000,node_network_speed_bytes,veth1e0d1300,172.18.0.3:9100,prometheus.scrape.annotated_pods
2025-07-05 07:22:06,1250000000,node_network_speed_bytes,veth1e0d1300,172.18.0.3:9100,prometheus.scrape.annotated_pods
2025-07-05 07:23:06,1250000000,node_network_speed_bytes,veth1e0d1300,172.18.0.3:9100,prometheus.scrape.annotated_pods
2025-07-05 07:24:06,1250000000,node_network_speed_bytes,veth1e0d1300,172.18.0.3:9100,prometheus.scrape.annotated_pods
2025-07-05 07:25:06,1250000000,node_network_speed_bytes,veth1e0d1300,172.18.0.3:9100,prometheus.scrape.annotated_pods
2025-07-05 07:26:06,1250000000,node_network_speed_bytes,veth1e0d1300,172.18.0.3:9100,prometheus.scrape.annotated_pods
2025-07-05 07:27:06,1250000000,node_network_speed_bytes,veth1e0d1300,172.18.0.3:9100,prometheus.scrape.annotated_pods
2025-07-05 07:28:06,1250000000,node_network_speed_bytes,veth1e0d1300,172.18.0.3:9100,prometheus.scrape.annotated_pods
2025-07-05 07:29:06,1250000000,node_network_speed_bytes,veth1e0d1300,172.18.0.3:9100,prometheus.scrape.annotated_pods
2025-07-05 07:30:06,1250000000,node_network_speed_bytes,veth1e0d1300,172.18.0.3:9100,prometheus.scrape.annotated_pods
2025-07-05 07:31:06,1250000000,node_network_speed_bytes,veth1e0d1300,172.18.0.3:9100,prometheus.scrape.annotated_pods
2025-07-05 07:32:06,1250000000,node_network_speed_bytes,veth1e0d1300,172.18.0.3:9100,prometheus.scrape.annotated_pods
2025-07-05 07:33:06,1250000000,node_network_speed_bytes,veth1e0d1300,172.18.0.3:9100,prometheus.scrape.annotated_pods
2025-07-05 07:34:06,1250000000,node_network_speed_bytes,veth1e0d1300,172.18.0.3:9100,prometheus.scrape.annotated_pods
2025-07-05 07:35:06,1250000000,node_network_speed_bytes,veth1e0d1300,172.18.0.3:9100,prometheus.scrape.annotated_pods
2025-07-05 07:36:06,1250000000,node_network_speed_bytes,veth1e0d1300,172.18.0.3:9100,prometheus.scrape.annotated_pods
2025-07-05 07:37:06,1250000000,node_network_speed_bytes,veth1e0d1300,172.18.0.3:9100,prometheus.scrape.annotated_pods
2025-07-05 07:38:06,1250000000,node_network_speed_bytes,veth1e0d1300,172.18.0.3:9100,prometheus.scrape.annotated_pods
2025-07-05 07:39:06,1250000000,node_network_speed_bytes,veth1e0d1300,172.18.0.3:9100,prometheus.scrape.annotated_pods
2025-07-05 07:40:06,1250000000,node_network_speed_bytes,veth1e0d1300,172.18.0.3:9100,prometheus.scrape.annotated_pods
2025-07-05 07:41:06,1250000000,node_network_speed_bytes,veth1e0d1300,172.18.0.3:9100,prometheus.scrape.annotated_pods
2025-07-05 07:42:06,1250000000,node_network_speed_bytes,veth1e0d1300,172.18.0.3:9100,prometheus.scrape.annotated_pods
2025-07-05 07:43:06,1250000000,node_network_speed_bytes,veth1e0d1300,172.18.0.3:9100,prometheus.scrape.annotated_pods
2025-07-05 07:18:06,1250000000,node_network_speed_bytes,veth2938e077,172.18.0.2:9100,prometheus.scrape.annotated_pods
2025-07-05 07:19:06,1250000000,node_network_speed_bytes,veth2938e077,172.18.0.2:9100,prometheus.scrape.annotated_pods
2025-07-05 07:20:06,1250000000,node_network_speed_bytes,veth2938e077,172.18.0.2:9100,prometheus.scrape.annotated_pods
2025-07-05 07:21:06,1250000000,node_network_speed_bytes,veth2938e077,172.18.0.2:9100,prometheus.scrape.annotated_pods
2025-07-05 07:22:06,1250000000,node_network_speed_bytes,veth2938e077,172.18.0.2:9100,prometheus.scrape.annotated_pods
2025-07-05 07:23:06,1250000000,node_network_speed_bytes,veth2938e077,172.18.0.2:9100,prometheus.scrape.annotated_pods
2025-07-05 07:24:06,1250000000,node_network_speed_bytes,veth2938e077,172.18.0.2:9100,prometheus.scrape.annotated_pods
2025-07-05 07:25:06,1250000000,node_network_speed_bytes,veth2938e077,172.18.0.2:9100,prometheus.scrape.annotated_pods
2025-07-05 07:26:06,1250000000,node_network_speed_bytes,veth2938e077,172.18.0.2:9100,prometheus.scrape.annotated_pods
2025-07-05 07:27:06,1250000000,node_network_speed_bytes,veth2938e077,172.18.0.2:9100,prometheus.scrape.annotated_pods
2025-07-05 07:28:06,1250000000,node_network_speed_bytes,veth2938e077,172.18.0.2:9100,prometheus.scrape.annotated_pods
2025-07-05 07:29:06,1250000000,node_network_speed_bytes,veth2938e077,172.18.0.2:9100,prometheus.scrape.annotated_pods
2025-07-05 07:30:06,1250000000,node_network_speed_bytes,veth2938e077,172.18.0.2:9100,prometheus.scrape.annotated_pods
2025-07-05 07:31:06,1250000000,node_network_speed_bytes,veth2938e077,172.18.0.2:9100,prometheus.scrape.annotated_pods
2025-07-05 07:32:06,1250000000,node_network_speed_bytes,veth2938e077,172.18.0.2:9100,prometheus.scrape.annotated_pods
2025-07-05 07:33:06,1250000000,node_network_speed_bytes,veth2938e077,172.18.0.2:9100,prometheus.scrape.annotated_pods
2025-07-05 07:34:06,1250000000,node_network_speed_bytes,veth2938e077,172.18.0.2:9100,prometheus.scrape.annotated_pods
2025-07-05 07:35:06,1250000000,node_network_speed_bytes,veth2938e077,172.18.0.2:9100,prometheus.scrape.annotated_pods
2025-07-05 07:36:06,1250000000,node_network_speed_bytes,veth2938e077,172.18.0.2:9100,prometheus.scrape.annotated_pods
2025-07-05 07:37:06,1250000000,node_network_speed_bytes,veth2938e077,172.18.0.2:9100,prometheus.scrape.annotated_pods
2025-07-05 07:38:06,1250000000,node_network_speed_bytes,veth2938e077,172.18.0.2:9100,prometheus.scrape.annotated_pods
2025-07-05 07:39:06,1250000000,node_network_speed_bytes,veth2938e077,172.18.0.2:9100,prometheus.scrape.annotated_pods
2025-07-05 07:40:06,1250000000,node_network_speed_bytes,veth2938e077,172.18.0.2:9100,prometheus.scrape.annotated_pods
2025-07-05 07:41:06,1250000000,node_network_speed_bytes,veth2938e077,172.18.0.2:9100,prometheus.scrape.annotated_pods
2025-07-05 07:42:06,1250000000,node_network_speed_bytes,veth2938e077,172.18.0.2:9100,prometheus.scrape.annotated_pods
2025-07-05 07:43:06,1250000000,node_network_speed_bytes,veth2938e077,172.18.0.2:9100,prometheus.scrape.annotated_pods
2025-07-05 07:43:06,1250000000,node_network_speed_bytes,veth299c6f81,172.18.0.2:9100,prometheus.scrape.annotated_pods
2025-07-05 07:18:06,1250000000,node_network_speed_bytes,veth2b66f284,172.18.0.2:9100,prometheus.scrape.annotated_pods
2025-07-05 07:19:06,1250000000,node_network_speed_bytes,veth2b66f284,172.18.0.2:9100,prometheus.scrape.annotated_pods
2025-07-05 07:20:06,1250000000,node_network_speed_bytes,veth2b66f284,172.18.0.2:9100,prometheus.scrape.annotated_pods
2025-07-05 07:21:06,1250000000,node_network_speed_bytes,veth2b66f284,172.18.0.2:9100,prometheus.scrape.annotated_pods
2025-07-05 07:22:06,1250000000,node_network_speed_bytes,veth2b66f284,172.18.0.2:9100,prometheus.scrape.annotated_pods
2025-07-05 07:23:06,1250000000,node_network_speed_bytes,veth2b66f284,172.18.0.2:9100,prometheus.scrape.annotated_pods
2025-07-05 07:24:06,1250000000,node_network_speed_bytes,veth2b66f284,172.18.0.2:9100,prometheus.scrape.annotated_pods
2025-07-05 07:25:06,1250000000,node_network_speed_bytes,veth2b66f284,172.18.0.2:9100,prometheus.scrape.annotated_pods
2025-07-05 07:26:06,1250000000,node_network_speed_bytes,veth2b66f284,172.18.0.2:9100,prometheus.scrape.annotated_pods
2025-07-05 07:27:06,1250000000,node_network_speed_bytes,veth2b66f284,172.18.0.2:9100,prometheus.scrape.annotated_pods
2025-07-05 07:28:06,1250000000,node_network_speed_bytes,veth2b66f284,172.18.0.2:9100,prometheus.scrape.annotated_pods
2025-07-05 07:29:06,1250000000,node_network_speed_bytes,veth2b66f284,172.18.0.2:9100,prometheus.scrape.annotated_pods
2025-07-05 07:30:06,1250000000,node_network_speed_bytes,veth2b66f284,172.18.0.2:9100,prometheus.scrape.annotated_pods
2025-07-05 07:31:06,1250000000,node_network_speed_bytes,veth2b66f284,172.18.0.2:9100,prometheus.scrape.annotated_pods
2025-07-05 07:32:06,1250000000,node_network_speed_bytes,veth2b66f284,172.18.0.2:9100,prometheus.scrape.annotated_pods
2025-07-05 07:33:06,1250000000,node_network_speed_bytes,veth2b66f284,172.18.0.2:9100,prometheus.scrape.annotated_pods
2025-07-05 07:34:06,1250000000,node_network_speed_bytes,veth2b66f284,172.18.0.2:9100,prometheus.scrape.annotated_pods
2025-07-05 07:35:06,1250000000,node_network_speed_bytes,veth2b66f284,172.18.0.2:9100,prometheus.scrape.annotated_pods
2025-07-05 07:36:06,1250000000,node_network_speed_bytes,veth2b66f284,172.18.0.2:9100,prometheus.scrape.annotated_pods
2025-07-05 07:37:06,1250000000,node_network_speed_bytes,veth2b66f284,172.18.0.2:9100,prometheus.scrape.annotated_pods
2025-07-05 07:38:06,1250000000,node_network_speed_bytes,veth2b66f284,172.18.0.2:9100,prometheus.scrape.annotated_pods
2025-07-05 07:39:06,1250000000,node_network_speed_bytes,veth2b66f284,172.18.0.2:9100,prometheus.scrape.annotated_pods
2025-07-05 07:40:06,1250000000,node_network_speed_bytes,veth2b66f284,172.18.0.2:9100,prometheus.scrape.annotated_pods
2025-07-05 07:41:06,1250000000,node_network_speed_bytes,veth2b66f284,172.18.0.2:9100,prometheus.scrape.annotated_pods
2025-07-05 07:42:06,1250000000,node_network_speed_bytes,veth2b66f284,172.18.0.2:9100,prometheus.scrape.annotated_pods
2025-07-05 07:43:06,1250000000,node_network_speed_bytes,veth2b66f284,172.18.0.2:9100,prometheus.scrape.annotated_pods
2025-07-05 07:18:06,1250000000,node_network_speed_bytes,veth3c485bde,172.18.0.3:9100,prometheus.scrape.annotated_pods
2025-07-05 07:19:06,1250000000,node_network_speed_bytes,veth3c485bde,172.18.0.3:9100,prometheus.scrape.annotated_pods
2025-07-05 07:20:06,1250000000,node_network_speed_bytes,veth3c485bde,172.18.0.3:9100,prometheus.scrape.annotated_pods
2025-07-05 07:21:06,1250000000,node_network_speed_bytes,veth3c485bde,172.18.0.3:9100,prometheus.scrape.annotated_pods
2025-07-05 07:22:06,1250000000,node_network_speed_bytes,veth3c485bde,172.18.0.3:9100,prometheus.scrape.annotated_pods
2025-07-05 07:23:06,1250000000,node_network_speed_bytes,veth3c485bde,172.18.0.3:9100,prometheus.scrape.annotated_pods
2025-07-05 07:24:06,1250000000,node_network_speed_bytes,veth3c485bde,172.18.0.3:9100,prometheus.scrape.annotated_pods
2025-07-05 07:25:06,1250000000,node_network_speed_bytes,veth3c485bde,172.18.0.3:9100,prometheus.scrape.annotated_pods
2025-07-05 07:26:06,1250000000,node_network_speed_bytes,veth3c485bde,172.18.0.3:9100,prometheus.scrape.annotated_pods
2025-07-05 07:27:06,1250000000,node_network_speed_bytes,veth3c485bde,172.18.0.3:9100,prometheus.scrape.annotated_pods
2025-07-05 07:28:06,1250000000,node_network_speed_bytes,veth3c485bde,172.18.0.3:9100,prometheus.scrape.annotated_pods
2025-07-05 07:29:06,1250000000,node_network_speed_bytes,veth3c485bde,172.18.0.3:9100,prometheus.scrape.annotated_pods
2025-07-05 07:30:06,1250000000,node_network_speed_bytes,veth3c485bde,172.18.0.3:9100,prometheus.scrape.annotated_pods
2025-07-05 07:31:06,1250000000,node_network_speed_bytes,veth3c485bde,172.18.0.3:9100,prometheus.scrape.annotated_pods
2025-07-05 07:32:06,1250000000,node_network_speed_bytes,veth3c485bde,172.18.0.3:9100,prometheus.scrape.annotated_pods
2025-07-05 07:33:06,1250000000,node_network_speed_bytes,veth3c485bde,172.18.0.3:9100,prometheus.scrape.annotated_pods
2025-07-05 07:34:06,1250000000,node_network_speed_bytes,veth3c485bde,172.18.0.3:9100,prometheus.scrape.annotated_pods
2025-07-05 07:35:06,1250000000,node_network_speed_bytes,veth3c485bde,172.18.0.3:9100,prometheus.scrape.annotated_pods
2025-07-05 07:36:06,1250000000,node_network_speed_bytes,veth3c485bde,172.18.0.3:9100,prometheus.scrape.annotated_pods
2025-07-05 07:37:06,1250000000,node_network_speed_bytes,veth3c485bde,172.18.0.3:9100,prometheus.scrape.annotated_pods
2025-07-05 07:38:06,1250000000,node_network_speed_bytes,veth3c485bde,172.18.0.3:9100,prometheus.scrape.annotated_pods
2025-07-05 07:39:06,1250000000,node_network_speed_bytes,veth3c485bde,172.18.0.3:9100,prometheus.scrape.annotated_pods
2025-07-05 07:40:06,1250000000,node_network_speed_bytes,veth3c485bde,172.18.0.3:9100,prometheus.scrape.annotated_pods
2025-07-05 07:41:06,1250000000,node_network_speed_bytes,veth3c485bde,172.18.0.3:9100,prometheus.scrape.annotated_pods
2025-07-05 07:42:06,1250000000,node_network_speed_bytes,veth3c485bde,172.18.0.3:9100,prometheus.scrape.annotated_pods
2025-07-05 07:43:06,1250000000,node_network_speed_bytes,veth3c485bde,172.18.0.3:9100,prometheus.scrape.annotated_pods
2025-07-05 07:30:06,1250000000,node_network_speed_bytes,veth4b72744a,172.18.0.2:9100,prometheus.scrape.annotated_pods
2025-07-05 07:43:06,1250000000,node_network_speed_bytes,veth5707b71a,172.18.0.2:9100,prometheus.scrape.annotated_pods
2025-07-05 07:18:06,1250000000,node_network_speed_bytes,veth5c62e424,172.18.0.2:9100,prometheus.scrape.annotated_pods
2025-07-05 07:19:06,1250000000,node_network_speed_bytes,veth5c62e424,172.18.0.2:9100,prometheus.scrape.annotated_pods
2025-07-05 07:20:06,1250000000,node_network_speed_bytes,veth5c62e424,172.18.0.2:9100,prometheus.scrape.annotated_pods
2025-07-05 07:21:06,1250000000,node_network_speed_bytes,veth5c62e424,172.18.0.2:9100,prometheus.scrape.annotated_pods
2025-07-05 07:22:06,1250000000,node_network_speed_bytes,veth5c62e424,172.18.0.2:9100,prometheus.scrape.annotated_pods
2025-07-05 07:23:06,1250000000,node_network_speed_bytes,veth5c62e424,172.18.0.2:9100,prometheus.scrape.annotated_pods
2025-07-05 07:24:06,1250000000,node_network_speed_bytes,veth5c62e424,172.18.0.2:9100,prometheus.scrape.annotated_pods
2025-07-05 07:25:06,1250000000,node_network_speed_bytes,veth5c62e424,172.18.0.2:9100,prometheus.scrape.annotated_pods
2025-07-05 07:26:06,1250000000,node_network_speed_bytes,veth5c62e424,172.18.0.2:9100,prometheus.scrape.annotated_pods
2025-07-05 07:27:06,1250000000,node_network_speed_bytes,veth5c62e424,172.18.0.2:9100,prometheus.scrape.annotated_pods
2025-07-05 07:28:06,1250000000,node_network_speed_bytes,veth5c62e424,172.18.0.2:9100,prometheus.scrape.annotated_pods
2025-07-05 07:29:06,1250000000,node_network_speed_bytes,veth5c62e424,172.18.0.2:9100,prometheus.scrape.annotated_pods
2025-07-05 07:30:06,1250000000,node_network_speed_bytes,veth5c62e424,172.18.0.2:9100,prometheus.scrape.annotated_pods
2025-07-05 07:31:06,1250000000,node_network_speed_bytes,veth5c62e424,172.18.0.2:9100,prometheus.scrape.annotated_pods
2025-07-05 07:32:06,1250000000,node_network_speed_bytes,veth5c62e424,172.18.0.2:9100,prometheus.scrape.annotated_pods
2025-07-05 07:33:06,1250000000,node_network_speed_bytes,veth5c62e424,172.18.0.2:9100,prometheus.scrape.annotated_pods
2025-07-05 07:34:06,1250000000,node_network_speed_bytes,veth5c62e424,172.18.0.2:9100,prometheus.scrape.annotated_pods
2025-07-05 07:35:06,1250000000,node_network_speed_bytes,veth5c62e424,172.18.0.2:9100,prometheus.scrape.annotated_pods
2025-07-05 07:36:06,1250000000,node_network_speed_bytes,veth5c62e424,172.18.0.2:9100,prometheus.scrape.annotated_pods
2025-07-05 07:37:06,1250000000,node_network_speed_bytes,veth5c62e424,172.18.0.2:9100,prometheus.scrape.annotated_pods
2025-07-05 07:38:06,1250000000,node_network_speed_bytes,veth5c62e424,172.18.0.2:9100,prometheus.scrape.annotated_pods
2025-07-05 07:39:06,1250000000,node_network_speed_bytes,veth5c62e424,172.18.0.2:9100,prometheus.scrape.annotated_pods
2025-07-05 07:40:06,1250000000,node_network_speed_bytes,veth5c62e424,172.18.0.2:9100,prometheus.scrape.annotated_pods
2025-07-05 07:41:06,1250000000,node_network_speed_bytes,veth5c62e424,172.18.0.2:9100,prometheus.scrape.annotated_pods
2025-07-05 07:42:06,1250000000,node_network_speed_bytes,veth5c62e424,172.18.0.2:9100,prometheus.scrape.annotated_pods
2025-07-05 07:43:06,1250000000,node_network_speed_bytes,veth5c62e424,172.18.0.2:9100,prometheus.scrape.annotated_pods
2025-07-05 07:32:06,1250000000,node_network_speed_bytes,veth60a9bd66,172.18.0.3:9100,prometheus.scrape.annotated_pods
2025-07-05 07:33:06,1250000000,node_network_speed_bytes,veth60a9bd66,172.18.0.3:9100,prometheus.scrape.annotated_pods
2025-07-05 07:34:06,1250000000,node_network_speed_bytes,veth60a9bd66,172.18.0.3:9100,prometheus.scrape.annotated_pods
2025-07-05 07:35:06,1250000000,node_network_speed_bytes,veth60a9bd66,172.18.0.3:9100,prometheus.scrape.annotated_pods
2025-07-05 07:36:06,1250000000,node_network_speed_bytes,veth60a9bd66,172.18.0.3:9100,prometheus.scrape.annotated_pods
2025-07-05 07:37:06,1250000000,node_network_speed_bytes,veth60a9bd66,172.18.0.3:9100,prometheus.scrape.annotated_pods
2025-07-05 07:38:06,1250000000,node_network_speed_bytes,veth60a9bd66,172.18.0.3:9100,prometheus.scrape.annotated_pods
2025-07-05 07:39:06,1250000000,node_network_speed_bytes,veth60a9bd66,172.18.0.3:9100,prometheus.scrape.annotated_pods
2025-07-05 07:40:06,1250000000,node_network_speed_bytes,veth60a9bd66,172.18.0.3:9100,prometheus.scrape.annotated_pods
2025-07-05 07:41:06,1250000000,node_network_speed_bytes,veth60a9bd66,172.18.0.3:9100,prometheus.scrape.annotated_pods
2025-07-05 07:42:06,1250000000,node_network_speed_bytes,veth60a9bd66,172.18.0.3:9100,prometheus.scrape.annotated_pods
2025-07-05 07:43:06,1250000000,node_network_speed_bytes,veth60a9bd66,172.18.0.3:9100,prometheus.scrape.annotated_pods
2025-07-05 07:18:06,1250000000,node_network_speed_bytes,veth66f6a40b,172.18.0.2:9100,prometheus.scrape.annotated_pods
2025-07-05 07:19:06,1250000000,node_network_speed_bytes,veth66f6a40b,172.18.0.2:9100,prometheus.scrape.annotated_pods
2025-07-05 07:20:06,1250000000,node_network_speed_bytes,veth66f6a40b,172.18.0.2:9100,prometheus.scrape.annotated_pods
2025-07-05 07:21:06,1250000000,node_network_speed_bytes,veth66f6a40b,172.18.0.2:9100,prometheus.scrape.annotated_pods
2025-07-05 07:22:06,1250000000,node_network_speed_bytes,veth66f6a40b,172.18.0.2:9100,prometheus.scrape.annotated_pods
2025-07-05 07:23:06,1250000000,node_network_speed_bytes,veth66f6a40b,172.18.0.2:9100,prometheus.scrape.annotated_pods
2025-07-05 07:24:06,1250000000,node_network_speed_bytes,veth66f6a40b,172.18.0.2:9100,prometheus.scrape.annotated_pods
2025-07-05 07:25:06,1250000000,node_network_speed_bytes,veth66f6a40b,172.18.0.2:9100,prometheus.scrape.annotated_pods
2025-07-05 07:26:06,1250000000,node_network_speed_bytes,veth66f6a40b,172.18.0.2:9100,prometheus.scrape.annotated_pods
2025-07-05 07:27:06,1250000000,node_network_speed_bytes,veth66f6a40b,172.18.0.2:9100,prometheus.scrape.annotated_pods
2025-07-05 07:28:06,1250000000,node_network_speed_bytes,veth66f6a40b,172.18.0.2:9100,prometheus.scrape.annotated_pods
2025-07-05 07:29:06,1250000000,node_network_speed_bytes,veth66f6a40b,172.18.0.2:9100,prometheus.scrape.annotated_pods
2025-07-05 07:30:06,1250000000,node_network_speed_bytes,veth66f6a40b,172.18.0.2:9100,prometheus.scrape.annotated_pods
2025-07-05 07:31:06,1250000000,node_network_speed_bytes,veth66f6a40b,172.18.0.2:9100,prometheus.scrape.annotated_pods
2025-07-05 07:32:06,1250000000,node_network_speed_bytes,veth66f6a40b,172.18.0.2:9100,prometheus.scrape.annotated_pods
2025-07-05 07:33:06,1250000000,node_network_speed_bytes,veth66f6a40b,172.18.0.2:9100,prometheus.scrape.annotated_pods
2025-07-05 07:34:06,1250000000,node_network_speed_bytes,veth66f6a40b,172.18.0.2:9100,prometheus.scrape.annotated_pods
2025-07-05 07:35:06,1250000000,node_network_speed_bytes,veth66f6a40b,172.18.0.2:9100,prometheus.scrape.annotated_pods
2025-07-05 07:36:06,1250000000,node_network_speed_bytes,veth66f6a40b,172.18.0.2:9100,prometheus.scrape.annotated_pods
2025-07-05 07:37:06,1250000000,node_network_speed_bytes,veth66f6a40b,172.18.0.2:9100,prometheus.scrape.annotated_pods
2025-07-05 07:38:06,1250000000,node_network_speed_bytes,veth66f6a40b,172.18.0.2:9100,prometheus.scrape.annotated_pods
2025-07-05 07:39:06,1250000000,node_network_speed_bytes,veth66f6a40b,172.18.0.2:9100,prometheus.scrape.annotated_pods
2025-07-05 07:40:06,1250000000,node_network_speed_bytes,veth66f6a40b,172.18.0.2:9100,prometheus.scrape.annotated_pods
2025-07-05 07:41:06,1250000000,node_network_speed_bytes,veth66f6a40b,172.18.0.2:9100,prometheus.scrape.annotated_pods
2025-07-05 07:42:06,1250000000,node_network_speed_bytes,veth66f6a40b,172.18.0.2:9100,prometheus.scrape.annotated_pods
2025-07-05 07:43:06,1250000000,node_network_speed_bytes,veth66f6a40b,172.18.0.2:9100,prometheus.scrape.annotated_pods
2025-07-05 07:34:06,1250000000,node_network_speed_bytes,veth6e98e30e,172.18.0.3:9100,prometheus.scrape.annotated_pods
2025-07-05 07:35:06,1250000000,node_network_speed_bytes,veth6e98e30e,172.18.0.3:9100,prometheus.scrape.annotated_pods
2025-07-05 07:36:06,1250000000,node_network_speed_bytes,veth6e98e30e,172.18.0.3:9100,prometheus.scrape.annotated_pods
2025-07-05 07:37:06,1250000000,node_network_speed_bytes,veth6e98e30e,172.18.0.3:9100,prometheus.scrape.annotated_pods
2025-07-05 07:38:06,1250000000,node_network_speed_bytes,veth6e98e30e,172.18.0.3:9100,prometheus.scrape.annotated_pods
2025-07-05 07:39:06,1250000000,node_network_speed_bytes,veth6e98e30e,172.18.0.3:9100,prometheus.scrape.annotated_pods
2025-07-05 07:40:06,1250000000,node_network_speed_bytes,veth6e98e30e,172.18.0.3:9100,prometheus.scrape.annotated_pods
2025-07-05 07:41:06,1250000000,node_network_speed_bytes,veth6e98e30e,172.18.0.3:9100,prometheus.scrape.annotated_pods
2025-07-05 07:42:06,1250000000,node_network_speed_bytes,veth6e98e30e,172.18.0.3:9100,prometheus.scrape.annotated_pods
2025-07-05 07:43:06,1250000000,node_network_speed_bytes,veth6e98e30e,172.18.0.3:9100,prometheus.scrape.annotated_pods
2025-07-05 07:43:06,1250000000,node_network_speed_bytes,veth72dc6c35,172.18.0.3:9100,prometheus.scrape.annotated_pods
2025-07-05 07:18:06,1250000000,node_network_speed_bytes,veth7dd6dd53,172.18.0.2:9100,prometheus.scrape.annotated_pods
2025-07-05 07:19:06,1250000000,node_network_speed_bytes,veth7dd6dd53,172.18.0.2:9100,prometheus.scrape.annotated_pods
2025-07-05 07:20:06,1250000000,node_network_speed_bytes,veth7dd6dd53,172.18.0.2:9100,prometheus.scrape.annotated_pods
2025-07-05 07:21:06,1250000000,node_network_speed_bytes,veth7dd6dd53,172.18.0.2:9100,prometheus.scrape.annotated_pods
2025-07-05 07:22:06,1250000000,node_network_speed_bytes,veth7dd6dd53,172.18.0.2:9100,prometheus.scrape.annotated_pods
2025-07-05 07:23:06,1250000000,node_network_speed_bytes,veth7dd6dd53,172.18.0.2:9100,prometheus.scrape.annotated_pods
2025-07-05 07:24:06,1250000000,node_network_speed_bytes,veth7dd6dd53,172.18.0.2:9100,prometheus.scrape.annotated_pods
2025-07-05 07:25:06,1250000000,node_network_speed_bytes,veth7dd6dd53,172.18.0.2:9100,prometheus.scrape.annotated_pods
2025-07-05 07:26:06,1250000000,node_network_speed_bytes,veth7dd6dd53,172.18.0.2:9100,prometheus.scrape.annotated_pods
2025-07-05 07:27:06,1250000000,node_network_speed_bytes,veth7dd6dd53,172.18.0.2:9100,prometheus.scrape.annotated_pods
2025-07-05 07:28:06,1250000000,node_network_speed_bytes,veth7dd6dd53,172.18.0.2:9100,prometheus.scrape.annotated_pods
2025-07-05 07:29:06,1250000000,node_network_speed_bytes,veth7dd6dd53,172.18.0.2:9100,prometheus.scrape.annotated_pods
2025-07-05 07:30:06,1250000000,node_network_speed_bytes,veth7dd6dd53,172.18.0.2:9100,prometheus.scrape.annotated_pods
2025-07-05 07:31:06,1250000000,node_network_speed_bytes,veth7dd6dd53,172.18.0.2:9100,prometheus.scrape.annotated_pods
2025-07-05 07:32:06,1250000000,node_network_speed_bytes,veth7dd6dd53,172.18.0.2:9100,prometheus.scrape.annotated_pods
2025-07-05 07:33:06,1250000000,node_network_speed_bytes,veth7dd6dd53,172.18.0.2:9100,prometheus.scrape.annotated_pods
2025-07-05 07:34:06,1250000000,node_network_speed_bytes,veth7dd6dd53,172.18.0.2:9100,prometheus.scrape.annotated_pods
2025-07-05 07:35:06,1250000000,node_network_speed_bytes,veth7dd6dd53,172.18.0.2:9100,prometheus.scrape.annotated_pods
2025-07-05 07:36:06,1250000000,node_network_speed_bytes,veth7dd6dd53,172.18.0.2:9100,prometheus.scrape.annotated_pods
2025-07-05 07:37:06,1250000000,node_network_speed_bytes,veth7dd6dd53,172.18.0.2:9100,prometheus.scrape.annotated_pods
2025-07-05 07:38:06,1250000000,node_network_speed_bytes,veth7dd6dd53,172.18.0.2:9100,prometheus.scrape.annotated_pods
2025-07-05 07:39:06,1250000000,node_network_speed_bytes,veth7dd6dd53,172.18.0.2:9100,prometheus.scrape.annotated_pods
2025-07-05 07:40:06,1250000000,node_network_speed_bytes,veth7dd6dd53,172.18.0.2:9100,prometheus.scrape.annotated_pods
2025-07-05 07:41:06,1250000000,node_network_speed_bytes,veth7dd6dd53,172.18.0.2:9100,prometheus.scrape.annotated_pods
2025-07-05 07:42:06,1250000000,node_network_speed_bytes,veth7dd6dd53,172.18.0.2:9100,prometheus.scrape.annotated_pods
2025-07-05 07:43:06,1250000000,node_network_speed_bytes,veth7dd6dd53,172.18.0.2:9100,prometheus.scrape.annotated_pods
2025-07-05 07:18:06,1250000000,node_network_speed_bytes,veth880702ee,172.18.0.4:9100,prometheus.scrape.annotated_pods
2025-07-05 07:19:06,1250000000,node_network_speed_bytes,veth880702ee,172.18.0.4:9100,prometheus.scrape.annotated_pods
2025-07-05 07:20:06,1250000000,node_network_speed_bytes,veth880702ee,172.18.0.4:9100,prometheus.scrape.annotated_pods
2025-07-05 07:21:06,1250000000,node_network_speed_bytes,veth880702ee,172.18.0.4:9100,prometheus.scrape.annotated_pods
2025-07-05 07:22:06,1250000000,node_network_speed_bytes,veth880702ee,172.18.0.4:9100,prometheus.scrape.annotated_pods
2025-07-05 07:23:06,1250000000,node_network_speed_bytes,veth880702ee,172.18.0.4:9100,prometheus.scrape.annotated_pods
2025-07-05 07:24:06,1250000000,node_network_speed_bytes,veth880702ee,172.18.0.4:9100,prometheus.scrape.annotated_pods
2025-07-05 07:25:06,1250000000,node_network_speed_bytes,veth880702ee,172.18.0.4:9100,prometheus.scrape.annotated_pods
2025-07-05 07:26:06,1250000000,node_network_speed_bytes,veth880702ee,172.18.0.4:9100,prometheus.scrape.annotated_pods
2025-07-05 07:27:06,1250000000,node_network_speed_bytes,veth880702ee,172.18.0.4:9100,prometheus.scrape.annotated_pods
2025-07-05 07:28:06,1250000000,node_network_speed_bytes,veth880702ee,172.18.0.4:9100,prometheus.scrape.annotated_pods
2025-07-05 07:29:06,1250000000,node_network_speed_bytes,veth880702ee,172.18.0.4:9100,prometheus.scrape.annotated_pods
2025-07-05 07:30:06,1250000000,node_network_speed_bytes,veth880702ee,172.18.0.4:9100,prometheus.scrape.annotated_pods
2025-07-05 07:31:06,1250000000,node_network_speed_bytes,veth880702ee,172.18.0.4:9100,prometheus.scrape.annotated_pods
2025-07-05 07:32:06,1250000000,node_network_speed_bytes,veth880702ee,172.18.0.4:9100,prometheus.scrape.annotated_pods
2025-07-05 07:33:06,1250000000,node_network_speed_bytes,veth880702ee,172.18.0.4:9100,prometheus.scrape.annotated_pods
2025-07-05 07:34:06,1250000000,node_network_speed_bytes,veth880702ee,172.18.0.4:9100,prometheus.scrape.annotated_pods
2025-07-05 07:35:06,1250000000,node_network_speed_bytes,veth880702ee,172.18.0.4:9100,prometheus.scrape.annotated_pods
2025-07-05 07:36:06,1250000000,node_network_speed_bytes,veth880702ee,172.18.0.4:9100,prometheus.scrape.annotated_pods
2025-07-05 07:37:06,1250000000,node_network_speed_bytes,veth880702ee,172.18.0.4:9100,prometheus.scrape.annotated_pods
2025-07-05 07:38:06,1250000000,node_network_speed_bytes,veth880702ee,172.18.0.4:9100,prometheus.scrape.annotated_pods
2025-07-05 07:39:06,1250000000,node_network_speed_bytes,veth880702ee,172.18.0.4:9100,prometheus.scrape.annotated_pods
2025-07-05 07:40:06,1250000000,node_network_speed_bytes,veth880702ee,172.18.0.4:9100,prometheus.scrape.annotated_pods
2025-07-05 07:41:06,1250000000,node_network_speed_bytes,veth880702ee,172.18.0.4:9100,prometheus.scrape.annotated_pods
2025-07-05 07:42:06,1250000000,node_network_speed_bytes,veth880702ee,172.18.0.4:9100,prometheus.scrape.annotated_pods
2025-07-05 07:43:06,1250000000,node_network_speed_bytes,veth880702ee,172.18.0.4:9100,prometheus.scrape.annotated_pods
2025-07-05 07:18:06,1250000000,node_network_speed_bytes,veth880702ee,node-exporter.nimbusguard.svc:9100,prometheus.scrape.node_exporter
2025-07-05 07:19:06,1250000000,node_network_speed_bytes,veth880702ee,node-exporter.nimbusguard.svc:9100,prometheus.scrape.node_exporter
2025-07-05 07:20:06,1250000000,node_network_speed_bytes,veth880702ee,node-exporter.nimbusguard.svc:9100,prometheus.scrape.node_exporter
2025-07-05 07:21:06,1250000000,node_network_speed_bytes,veth880702ee,node-exporter.nimbusguard.svc:9100,prometheus.scrape.node_exporter
2025-07-05 07:22:06,1250000000,node_network_speed_bytes,veth880702ee,node-exporter.nimbusguard.svc:9100,prometheus.scrape.node_exporter
2025-07-05 07:23:06,1250000000,node_network_speed_bytes,veth880702ee,node-exporter.nimbusguard.svc:9100,prometheus.scrape.node_exporter
2025-07-05 07:24:06,1250000000,node_network_speed_bytes,veth880702ee,node-exporter.nimbusguard.svc:9100,prometheus.scrape.node_exporter
2025-07-05 07:25:06,1250000000,node_network_speed_bytes,veth880702ee,node-exporter.nimbusguard.svc:9100,prometheus.scrape.node_exporter
2025-07-05 07:26:06,1250000000,node_network_speed_bytes,veth880702ee,node-exporter.nimbusguard.svc:9100,prometheus.scrape.node_exporter
2025-07-05 07:27:06,1250000000,node_network_speed_bytes,veth880702ee,node-exporter.nimbusguard.svc:9100,prometheus.scrape.node_exporter
2025-07-05 07:28:06,1250000000,node_network_speed_bytes,veth880702ee,node-exporter.nimbusguard.svc:9100,prometheus.scrape.node_exporter
2025-07-05 07:29:06,1250000000,node_network_speed_bytes,veth880702ee,node-exporter.nimbusguard.svc:9100,prometheus.scrape.node_exporter
2025-07-05 07:30:06,1250000000,node_network_speed_bytes,veth880702ee,node-exporter.nimbusguard.svc:9100,prometheus.scrape.node_exporter
2025-07-05 07:31:06,1250000000,node_network_speed_bytes,veth880702ee,node-exporter.nimbusguard.svc:9100,prometheus.scrape.node_exporter
2025-07-05 07:32:06,1250000000,node_network_speed_bytes,veth880702ee,node-exporter.nimbusguard.svc:9100,prometheus.scrape.node_exporter
2025-07-05 07:33:06,1250000000,node_network_speed_bytes,veth880702ee,node-exporter.nimbusguard.svc:9100,prometheus.scrape.node_exporter
2025-07-05 07:34:06,1250000000,node_network_speed_bytes,veth880702ee,node-exporter.nimbusguard.svc:9100,prometheus.scrape.node_exporter
2025-07-05 07:35:06,1250000000,node_network_speed_bytes,veth880702ee,node-exporter.nimbusguard.svc:9100,prometheus.scrape.node_exporter
2025-07-05 07:36:06,1250000000,node_network_speed_bytes,veth880702ee,node-exporter.nimbusguard.svc:9100,prometheus.scrape.node_exporter
2025-07-05 07:37:06,1250000000,node_network_speed_bytes,veth880702ee,node-exporter.nimbusguard.svc:9100,prometheus.scrape.node_exporter
2025-07-05 07:38:06,1250000000,node_network_speed_bytes,veth880702ee,node-exporter.nimbusguard.svc:9100,prometheus.scrape.node_exporter
2025-07-05 07:39:06,1250000000,node_network_speed_bytes,veth880702ee,node-exporter.nimbusguard.svc:9100,prometheus.scrape.node_exporter
2025-07-05 07:40:06,1250000000,node_network_speed_bytes,veth880702ee,node-exporter.nimbusguard.svc:9100,prometheus.scrape.node_exporter
2025-07-05 07:41:06,1250000000,node_network_speed_bytes,veth880702ee,node-exporter.nimbusguard.svc:9100,prometheus.scrape.node_exporter
2025-07-05 07:42:06,1250000000,node_network_speed_bytes,veth880702ee,node-exporter.nimbusguard.svc:9100,prometheus.scrape.node_exporter
2025-07-05 07:43:06,1250000000,node_network_speed_bytes,veth880702ee,node-exporter.nimbusguard.svc:9100,prometheus.scrape.node_exporter
2025-07-05 07:32:06,1250000000,node_network_speed_bytes,veth89645ebe,172.18.0.2:9100,prometheus.scrape.annotated_pods
2025-07-05 07:33:06,1250000000,node_network_speed_bytes,veth89645ebe,172.18.0.2:9100,prometheus.scrape.annotated_pods
2025-07-05 07:34:06,1250000000,node_network_speed_bytes,veth89645ebe,172.18.0.2:9100,prometheus.scrape.annotated_pods
2025-07-05 07:35:06,1250000000,node_network_speed_bytes,veth89645ebe,172.18.0.2:9100,prometheus.scrape.annotated_pods
2025-07-05 07:36:06,1250000000,node_network_speed_bytes,veth89645ebe,172.18.0.2:9100,prometheus.scrape.annotated_pods
2025-07-05 07:37:06,1250000000,node_network_speed_bytes,veth89645ebe,172.18.0.2:9100,prometheus.scrape.annotated_pods
2025-07-05 07:38:06,1250000000,node_network_speed_bytes,veth89645ebe,172.18.0.2:9100,prometheus.scrape.annotated_pods
2025-07-05 07:39:06,1250000000,node_network_speed_bytes,veth89645ebe,172.18.0.2:9100,prometheus.scrape.annotated_pods
2025-07-05 07:40:06,1250000000,node_network_speed_bytes,veth89645ebe,172.18.0.2:9100,prometheus.scrape.annotated_pods
2025-07-05 07:41:06,1250000000,node_network_speed_bytes,veth89645ebe,172.18.0.2:9100,prometheus.scrape.annotated_pods
2025-07-05 07:42:06,1250000000,node_network_speed_bytes,veth89645ebe,172.18.0.2:9100,prometheus.scrape.annotated_pods
2025-07-05 07:43:06,1250000000,node_network_speed_bytes,veth89645ebe,172.18.0.2:9100,prometheus.scrape.annotated_pods
2025-07-05 07:43:06,1250000000,node_network_speed_bytes,veth8bda6f7d,172.18.0.3:9100,prometheus.scrape.annotated_pods
2025-07-05 07:43:06,1250000000,node_network_speed_bytes,veth8c02ed81,172.18.0.2:9100,prometheus.scrape.annotated_pods
2025-07-05 07:18:06,1250000000,node_network_speed_bytes,veth9982d107,172.18.0.4:9100,prometheus.scrape.annotated_pods
2025-07-05 07:19:06,1250000000,node_network_speed_bytes,veth9982d107,172.18.0.4:9100,prometheus.scrape.annotated_pods
2025-07-05 07:20:06,1250000000,node_network_speed_bytes,veth9982d107,172.18.0.4:9100,prometheus.scrape.annotated_pods
2025-07-05 07:21:06,1250000000,node_network_speed_bytes,veth9982d107,172.18.0.4:9100,prometheus.scrape.annotated_pods
2025-07-05 07:22:06,1250000000,node_network_speed_bytes,veth9982d107,172.18.0.4:9100,prometheus.scrape.annotated_pods
2025-07-05 07:23:06,1250000000,node_network_speed_bytes,veth9982d107,172.18.0.4:9100,prometheus.scrape.annotated_pods
2025-07-05 07:24:06,1250000000,node_network_speed_bytes,veth9982d107,172.18.0.4:9100,prometheus.scrape.annotated_pods
2025-07-05 07:25:06,1250000000,node_network_speed_bytes,veth9982d107,172.18.0.4:9100,prometheus.scrape.annotated_pods
2025-07-05 07:26:06,1250000000,node_network_speed_bytes,veth9982d107,172.18.0.4:9100,prometheus.scrape.annotated_pods
2025-07-05 07:27:06,1250000000,node_network_speed_bytes,veth9982d107,172.18.0.4:9100,prometheus.scrape.annotated_pods
2025-07-05 07:28:06,1250000000,node_network_speed_bytes,veth9982d107,172.18.0.4:9100,prometheus.scrape.annotated_pods
2025-07-05 07:29:06,1250000000,node_network_speed_bytes,veth9982d107,172.18.0.4:9100,prometheus.scrape.annotated_pods
2025-07-05 07:30:06,1250000000,node_network_speed_bytes,veth9982d107,172.18.0.4:9100,prometheus.scrape.annotated_pods
2025-07-05 07:31:06,1250000000,node_network_speed_bytes,veth9982d107,172.18.0.4:9100,prometheus.scrape.annotated_pods
2025-07-05 07:32:06,1250000000,node_network_speed_bytes,veth9982d107,172.18.0.4:9100,prometheus.scrape.annotated_pods
2025-07-05 07:33:06,1250000000,node_network_speed_bytes,veth9982d107,172.18.0.4:9100,prometheus.scrape.annotated_pods
2025-07-05 07:34:06,1250000000,node_network_speed_bytes,veth9982d107,172.18.0.4:9100,prometheus.scrape.annotated_pods
2025-07-05 07:35:06,1250000000,node_network_speed_bytes,veth9982d107,172.18.0.4:9100,prometheus.scrape.annotated_pods
2025-07-05 07:36:06,1250000000,node_network_speed_bytes,veth9982d107,172.18.0.4:9100,prometheus.scrape.annotated_pods
2025-07-05 07:37:06,1250000000,node_network_speed_bytes,veth9982d107,172.18.0.4:9100,prometheus.scrape.annotated_pods
2025-07-05 07:38:06,1250000000,node_network_speed_bytes,veth9982d107,172.18.0.4:9100,prometheus.scrape.annotated_pods
2025-07-05 07:39:06,1250000000,node_network_speed_bytes,veth9982d107,172.18.0.4:9100,prometheus.scrape.annotated_pods
2025-07-05 07:40:06,1250000000,node_network_speed_bytes,veth9982d107,172.18.0.4:9100,prometheus.scrape.annotated_pods
2025-07-05 07:41:06,1250000000,node_network_speed_bytes,veth9982d107,172.18.0.4:9100,prometheus.scrape.annotated_pods
2025-07-05 07:42:06,1250000000,node_network_speed_bytes,veth9982d107,172.18.0.4:9100,prometheus.scrape.annotated_pods
2025-07-05 07:43:06,1250000000,node_network_speed_bytes,veth9982d107,172.18.0.4:9100,prometheus.scrape.annotated_pods
2025-07-05 07:18:06,1250000000,node_network_speed_bytes,veth9982d107,node-exporter.nimbusguard.svc:9100,prometheus.scrape.node_exporter
2025-07-05 07:19:06,1250000000,node_network_speed_bytes,veth9982d107,node-exporter.nimbusguard.svc:9100,prometheus.scrape.node_exporter
2025-07-05 07:20:06,1250000000,node_network_speed_bytes,veth9982d107,node-exporter.nimbusguard.svc:9100,prometheus.scrape.node_exporter
2025-07-05 07:21:06,1250000000,node_network_speed_bytes,veth9982d107,node-exporter.nimbusguard.svc:9100,prometheus.scrape.node_exporter
2025-07-05 07:22:06,1250000000,node_network_speed_bytes,veth9982d107,node-exporter.nimbusguard.svc:9100,prometheus.scrape.node_exporter
2025-07-05 07:23:06,1250000000,node_network_speed_bytes,veth9982d107,node-exporter.nimbusguard.svc:9100,prometheus.scrape.node_exporter
2025-07-05 07:24:06,1250000000,node_network_speed_bytes,veth9982d107,node-exporter.nimbusguard.svc:9100,prometheus.scrape.node_exporter
2025-07-05 07:25:06,1250000000,node_network_speed_bytes,veth9982d107,node-exporter.nimbusguard.svc:9100,prometheus.scrape.node_exporter
2025-07-05 07:26:06,1250000000,node_network_speed_bytes,veth9982d107,node-exporter.nimbusguard.svc:9100,prometheus.scrape.node_exporter
2025-07-05 07:27:06,1250000000,node_network_speed_bytes,veth9982d107,node-exporter.nimbusguard.svc:9100,prometheus.scrape.node_exporter
2025-07-05 07:28:06,1250000000,node_network_speed_bytes,veth9982d107,node-exporter.nimbusguard.svc:9100,prometheus.scrape.node_exporter
2025-07-05 07:29:06,1250000000,node_network_speed_bytes,veth9982d107,node-exporter.nimbusguard.svc:9100,prometheus.scrape.node_exporter
2025-07-05 07:30:06,1250000000,node_network_speed_bytes,veth9982d107,node-exporter.nimbusguard.svc:9100,prometheus.scrape.node_exporter
2025-07-05 07:31:06,1250000000,node_network_speed_bytes,veth9982d107,node-exporter.nimbusguard.svc:9100,prometheus.scrape.node_exporter
2025-07-05 07:32:06,1250000000,node_network_speed_bytes,veth9982d107,node-exporter.nimbusguard.svc:9100,prometheus.scrape.node_exporter
2025-07-05 07:33:06,1250000000,node_network_speed_bytes,veth9982d107,node-exporter.nimbusguard.svc:9100,prometheus.scrape.node_exporter
2025-07-05 07:34:06,1250000000,node_network_speed_bytes,veth9982d107,node-exporter.nimbusguard.svc:9100,prometheus.scrape.node_exporter
2025-07-05 07:35:06,1250000000,node_network_speed_bytes,veth9982d107,node-exporter.nimbusguard.svc:9100,prometheus.scrape.node_exporter
2025-07-05 07:36:06,1250000000,node_network_speed_bytes,veth9982d107,node-exporter.nimbusguard.svc:9100,prometheus.scrape.node_exporter
2025-07-05 07:37:06,1250000000,node_network_speed_bytes,veth9982d107,node-exporter.nimbusguard.svc:9100,prometheus.scrape.node_exporter
2025-07-05 07:38:06,1250000000,node_network_speed_bytes,veth9982d107,node-exporter.nimbusguard.svc:9100,prometheus.scrape.node_exporter
2025-07-05 07:39:06,1250000000,node_network_speed_bytes,veth9982d107,node-exporter.nimbusguard.svc:9100,prometheus.scrape.node_exporter
2025-07-05 07:40:06,1250000000,node_network_speed_bytes,veth9982d107,node-exporter.nimbusguard.svc:9100,prometheus.scrape.node_exporter
2025-07-05 07:41:06,1250000000,node_network_speed_bytes,veth9982d107,node-exporter.nimbusguard.svc:9100,prometheus.scrape.node_exporter
2025-07-05 07:42:06,1250000000,node_network_speed_bytes,veth9982d107,node-exporter.nimbusguard.svc:9100,prometheus.scrape.node_exporter
2025-07-05 07:43:06,1250000000,node_network_speed_bytes,veth9982d107,node-exporter.nimbusguard.svc:9100,prometheus.scrape.node_exporter
2025-07-05 07:18:06,1250000000,node_network_speed_bytes,vetha5f7121a,172.18.0.4:9100,prometheus.scrape.annotated_pods
2025-07-05 07:19:06,1250000000,node_network_speed_bytes,vetha5f7121a,172.18.0.4:9100,prometheus.scrape.annotated_pods
2025-07-05 07:20:06,1250000000,node_network_speed_bytes,vetha5f7121a,172.18.0.4:9100,prometheus.scrape.annotated_pods
2025-07-05 07:21:06,1250000000,node_network_speed_bytes,vetha5f7121a,172.18.0.4:9100,prometheus.scrape.annotated_pods
2025-07-05 07:22:06,1250000000,node_network_speed_bytes,vetha5f7121a,172.18.0.4:9100,prometheus.scrape.annotated_pods
2025-07-05 07:23:06,1250000000,node_network_speed_bytes,vetha5f7121a,172.18.0.4:9100,prometheus.scrape.annotated_pods
2025-07-05 07:24:06,1250000000,node_network_speed_bytes,vetha5f7121a,172.18.0.4:9100,prometheus.scrape.annotated_pods
2025-07-05 07:25:06,1250000000,node_network_speed_bytes,vetha5f7121a,172.18.0.4:9100,prometheus.scrape.annotated_pods
2025-07-05 07:26:06,1250000000,node_network_speed_bytes,vetha5f7121a,172.18.0.4:9100,prometheus.scrape.annotated_pods
2025-07-05 07:27:06,1250000000,node_network_speed_bytes,vetha5f7121a,172.18.0.4:9100,prometheus.scrape.annotated_pods
2025-07-05 07:28:06,1250000000,node_network_speed_bytes,vetha5f7121a,172.18.0.4:9100,prometheus.scrape.annotated_pods
2025-07-05 07:29:06,1250000000,node_network_speed_bytes,vetha5f7121a,172.18.0.4:9100,prometheus.scrape.annotated_pods
2025-07-05 07:30:06,1250000000,node_network_speed_bytes,vetha5f7121a,172.18.0.4:9100,prometheus.scrape.annotated_pods
2025-07-05 07:31:06,1250000000,node_network_speed_bytes,vetha5f7121a,172.18.0.4:9100,prometheus.scrape.annotated_pods
2025-07-05 07:32:06,1250000000,node_network_speed_bytes,vetha5f7121a,172.18.0.4:9100,prometheus.scrape.annotated_pods
2025-07-05 07:33:06,1250000000,node_network_speed_bytes,vetha5f7121a,172.18.0.4:9100,prometheus.scrape.annotated_pods
2025-07-05 07:34:06,1250000000,node_network_speed_bytes,vetha5f7121a,172.18.0.4:9100,prometheus.scrape.annotated_pods
2025-07-05 07:35:06,1250000000,node_network_speed_bytes,vetha5f7121a,172.18.0.4:9100,prometheus.scrape.annotated_pods
2025-07-05 07:36:06,1250000000,node_network_speed_bytes,vetha5f7121a,172.18.0.4:9100,prometheus.scrape.annotated_pods
2025-07-05 07:37:06,1250000000,node_network_speed_bytes,vetha5f7121a,172.18.0.4:9100,prometheus.scrape.annotated_pods
2025-07-05 07:38:06,1250000000,node_network_speed_bytes,vetha5f7121a,172.18.0.4:9100,prometheus.scrape.annotated_pods
2025-07-05 07:39:06,1250000000,node_network_speed_bytes,vetha5f7121a,172.18.0.4:9100,prometheus.scrape.annotated_pods
2025-07-05 07:40:06,1250000000,node_network_speed_bytes,vetha5f7121a,172.18.0.4:9100,prometheus.scrape.annotated_pods
2025-07-05 07:41:06,1250000000,node_network_speed_bytes,vetha5f7121a,172.18.0.4:9100,prometheus.scrape.annotated_pods
2025-07-05 07:42:06,1250000000,node_network_speed_bytes,vetha5f7121a,172.18.0.4:9100,prometheus.scrape.annotated_pods
2025-07-05 07:43:06,1250000000,node_network_speed_bytes,vetha5f7121a,172.18.0.4:9100,prometheus.scrape.annotated_pods
2025-07-05 07:18:06,1250000000,node_network_speed_bytes,vetha5f7121a,node-exporter.nimbusguard.svc:9100,prometheus.scrape.node_exporter
2025-07-05 07:19:06,1250000000,node_network_speed_bytes,vetha5f7121a,node-exporter.nimbusguard.svc:9100,prometheus.scrape.node_exporter
2025-07-05 07:20:06,1250000000,node_network_speed_bytes,vetha5f7121a,node-exporter.nimbusguard.svc:9100,prometheus.scrape.node_exporter
2025-07-05 07:21:06,1250000000,node_network_speed_bytes,vetha5f7121a,node-exporter.nimbusguard.svc:9100,prometheus.scrape.node_exporter
2025-07-05 07:22:06,1250000000,node_network_speed_bytes,vetha5f7121a,node-exporter.nimbusguard.svc:9100,prometheus.scrape.node_exporter
2025-07-05 07:23:06,1250000000,node_network_speed_bytes,vetha5f7121a,node-exporter.nimbusguard.svc:9100,prometheus.scrape.node_exporter
2025-07-05 07:24:06,1250000000,node_network_speed_bytes,vetha5f7121a,node-exporter.nimbusguard.svc:9100,prometheus.scrape.node_exporter
2025-07-05 07:25:06,1250000000,node_network_speed_bytes,vetha5f7121a,node-exporter.nimbusguard.svc:9100,prometheus.scrape.node_exporter
2025-07-05 07:26:06,1250000000,node_network_speed_bytes,vetha5f7121a,node-exporter.nimbusguard.svc:9100,prometheus.scrape.node_exporter
2025-07-05 07:27:06,1250000000,node_network_speed_bytes,vetha5f7121a,node-exporter.nimbusguard.svc:9100,prometheus.scrape.node_exporter
2025-07-05 07:28:06,1250000000,node_network_speed_bytes,vetha5f7121a,node-exporter.nimbusguard.svc:9100,prometheus.scrape.node_exporter
2025-07-05 07:29:06,1250000000,node_network_speed_bytes,vetha5f7121a,node-exporter.nimbusguard.svc:9100,prometheus.scrape.node_exporter
2025-07-05 07:30:06,1250000000,node_network_speed_bytes,vetha5f7121a,node-exporter.nimbusguard.svc:9100,prometheus.scrape.node_exporter
2025-07-05 07:31:06,1250000000,node_network_speed_bytes,vetha5f7121a,node-exporter.nimbusguard.svc:9100,prometheus.scrape.node_exporter
2025-07-05 07:32:06,1250000000,node_network_speed_bytes,vetha5f7121a,node-exporter.nimbusguard.svc:9100,prometheus.scrape.node_exporter
2025-07-05 07:33:06,1250000000,node_network_speed_bytes,vetha5f7121a,node-exporter.nimbusguard.svc:9100,prometheus.scrape.node_exporter
2025-07-05 07:34:06,1250000000,node_network_speed_bytes,vetha5f7121a,node-exporter.nimbusguard.svc:9100,prometheus.scrape.node_exporter
2025-07-05 07:35:06,1250000000,node_network_speed_bytes,vetha5f7121a,node-exporter.nimbusguard.svc:9100,prometheus.scrape.node_exporter
2025-07-05 07:36:06,1250000000,node_network_speed_bytes,vetha5f7121a,node-exporter.nimbusguard.svc:9100,prometheus.scrape.node_exporter
2025-07-05 07:37:06,1250000000,node_network_speed_bytes,vetha5f7121a,node-exporter.nimbusguard.svc:9100,prometheus.scrape.node_exporter
2025-07-05 07:38:06,1250000000,node_network_speed_bytes,vetha5f7121a,node-exporter.nimbusguard.svc:9100,prometheus.scrape.node_exporter
2025-07-05 07:39:06,1250000000,node_network_speed_bytes,vetha5f7121a,node-exporter.nimbusguard.svc:9100,prometheus.scrape.node_exporter
2025-07-05 07:40:06,1250000000,node_network_speed_bytes,vetha5f7121a,node-exporter.nimbusguard.svc:9100,prometheus.scrape.node_exporter
2025-07-05 07:41:06,1250000000,node_network_speed_bytes,vetha5f7121a,node-exporter.nimbusguard.svc:9100,prometheus.scrape.node_exporter
2025-07-05 07:42:06,1250000000,node_network_speed_bytes,vetha5f7121a,node-exporter.nimbusguard.svc:9100,prometheus.scrape.node_exporter
2025-07-05 07:43:06,1250000000,node_network_speed_bytes,vetha5f7121a,node-exporter.nimbusguard.svc:9100,prometheus.scrape.node_exporter
2025-07-05 07:34:06,1250000000,node_network_speed_bytes,vethaafd715a,172.18.0.2:9100,prometheus.scrape.annotated_pods
2025-07-05 07:35:06,1250000000,node_network_speed_bytes,vethaafd715a,172.18.0.2:9100,prometheus.scrape.annotated_pods
2025-07-05 07:36:06,1250000000,node_network_speed_bytes,vethaafd715a,172.18.0.2:9100,prometheus.scrape.annotated_pods
2025-07-05 07:37:06,1250000000,node_network_speed_bytes,vethaafd715a,172.18.0.2:9100,prometheus.scrape.annotated_pods
2025-07-05 07:38:06,1250000000,node_network_speed_bytes,vethaafd715a,172.18.0.2:9100,prometheus.scrape.annotated_pods
2025-07-05 07:39:06,1250000000,node_network_speed_bytes,vethaafd715a,172.18.0.2:9100,prometheus.scrape.annotated_pods
2025-07-05 07:40:06,1250000000,node_network_speed_bytes,vethaafd715a,172.18.0.2:9100,prometheus.scrape.annotated_pods
2025-07-05 07:41:06,1250000000,node_network_speed_bytes,vethaafd715a,172.18.0.2:9100,prometheus.scrape.annotated_pods
2025-07-05 07:42:06,1250000000,node_network_speed_bytes,vethaafd715a,172.18.0.2:9100,prometheus.scrape.annotated_pods
2025-07-05 07:43:06,1250000000,node_network_speed_bytes,vethaafd715a,172.18.0.2:9100,prometheus.scrape.annotated_pods
2025-07-05 07:34:06,1250000000,node_network_speed_bytes,vethb776c1c5,172.18.0.2:9100,prometheus.scrape.annotated_pods
2025-07-05 07:35:06,1250000000,node_network_speed_bytes,vethb776c1c5,172.18.0.2:9100,prometheus.scrape.annotated_pods
2025-07-05 07:36:06,1250000000,node_network_speed_bytes,vethb776c1c5,172.18.0.2:9100,prometheus.scrape.annotated_pods
2025-07-05 07:37:06,1250000000,node_network_speed_bytes,vethb776c1c5,172.18.0.2:9100,prometheus.scrape.annotated_pods
2025-07-05 07:38:06,1250000000,node_network_speed_bytes,vethb776c1c5,172.18.0.2:9100,prometheus.scrape.annotated_pods
2025-07-05 07:39:06,1250000000,node_network_speed_bytes,vethb776c1c5,172.18.0.2:9100,prometheus.scrape.annotated_pods
2025-07-05 07:40:06,1250000000,node_network_speed_bytes,vethb776c1c5,172.18.0.2:9100,prometheus.scrape.annotated_pods
2025-07-05 07:41:06,1250000000,node_network_speed_bytes,vethb776c1c5,172.18.0.2:9100,prometheus.scrape.annotated_pods
2025-07-05 07:42:06,1250000000,node_network_speed_bytes,vethb776c1c5,172.18.0.2:9100,prometheus.scrape.annotated_pods
2025-07-05 07:43:06,1250000000,node_network_speed_bytes,vethb776c1c5,172.18.0.2:9100,prometheus.scrape.annotated_pods
2025-07-05 07:43:06,1250000000,node_network_speed_bytes,vethba657c20,172.18.0.2:9100,prometheus.scrape.annotated_pods
2025-07-05 07:30:06,1250000000,node_network_speed_bytes,vethc197993c,172.18.0.2:9100,prometheus.scrape.annotated_pods
2025-07-05 07:31:06,1250000000,node_network_speed_bytes,vethc197993c,172.18.0.2:9100,prometheus.scrape.annotated_pods
2025-07-05 07:32:06,1250000000,node_network_speed_bytes,vethc197993c,172.18.0.2:9100,prometheus.scrape.annotated_pods
2025-07-05 07:33:06,1250000000,node_network_speed_bytes,vethc197993c,172.18.0.2:9100,prometheus.scrape.annotated_pods
2025-07-05 07:34:06,1250000000,node_network_speed_bytes,vethc197993c,172.18.0.2:9100,prometheus.scrape.annotated_pods
2025-07-05 07:35:06,1250000000,node_network_speed_bytes,vethc197993c,172.18.0.2:9100,prometheus.scrape.annotated_pods
2025-07-05 07:36:06,1250000000,node_network_speed_bytes,vethc197993c,172.18.0.2:9100,prometheus.scrape.annotated_pods
2025-07-05 07:37:06,1250000000,node_network_speed_bytes,vethc197993c,172.18.0.2:9100,prometheus.scrape.annotated_pods
2025-07-05 07:38:06,1250000000,node_network_speed_bytes,vethc197993c,172.18.0.2:9100,prometheus.scrape.annotated_pods
2025-07-05 07:39:06,1250000000,node_network_speed_bytes,vethc197993c,172.18.0.2:9100,prometheus.scrape.annotated_pods
2025-07-05 07:40:06,1250000000,node_network_speed_bytes,vethc197993c,172.18.0.2:9100,prometheus.scrape.annotated_pods
2025-07-05 07:41:06,1250000000,node_network_speed_bytes,vethc197993c,172.18.0.2:9100,prometheus.scrape.annotated_pods
2025-07-05 07:42:06,1250000000,node_network_speed_bytes,vethc197993c,172.18.0.2:9100,prometheus.scrape.annotated_pods
2025-07-05 07:43:06,1250000000,node_network_speed_bytes,vethc197993c,172.18.0.2:9100,prometheus.scrape.annotated_pods
2025-07-05 07:18:06,1250000000,node_network_speed_bytes,vethc6a33180,172.18.0.3:9100,prometheus.scrape.annotated_pods
2025-07-05 07:19:06,1250000000,node_network_speed_bytes,vethc6a33180,172.18.0.3:9100,prometheus.scrape.annotated_pods
2025-07-05 07:20:06,1250000000,node_network_speed_bytes,vethc6a33180,172.18.0.3:9100,prometheus.scrape.annotated_pods
2025-07-05 07:21:06,1250000000,node_network_speed_bytes,vethc6a33180,172.18.0.3:9100,prometheus.scrape.annotated_pods
2025-07-05 07:22:06,1250000000,node_network_speed_bytes,vethc6a33180,172.18.0.3:9100,prometheus.scrape.annotated_pods
2025-07-05 07:23:06,1250000000,node_network_speed_bytes,vethc6a33180,172.18.0.3:9100,prometheus.scrape.annotated_pods
2025-07-05 07:24:06,1250000000,node_network_speed_bytes,vethc6a33180,172.18.0.3:9100,prometheus.scrape.annotated_pods
2025-07-05 07:25:06,1250000000,node_network_speed_bytes,vethc6a33180,172.18.0.3:9100,prometheus.scrape.annotated_pods
2025-07-05 07:26:06,1250000000,node_network_speed_bytes,vethc6a33180,172.18.0.3:9100,prometheus.scrape.annotated_pods
2025-07-05 07:27:06,1250000000,node_network_speed_bytes,vethc6a33180,172.18.0.3:9100,prometheus.scrape.annotated_pods
2025-07-05 07:28:06,1250000000,node_network_speed_bytes,vethc6a33180,172.18.0.3:9100,prometheus.scrape.annotated_pods
2025-07-05 07:29:06,1250000000,node_network_speed_bytes,vethc6a33180,172.18.0.3:9100,prometheus.scrape.annotated_pods
2025-07-05 07:30:06,1250000000,node_network_speed_bytes,vethc6a33180,172.18.0.3:9100,prometheus.scrape.annotated_pods
2025-07-05 07:31:06,1250000000,node_network_speed_bytes,vethc6a33180,172.18.0.3:9100,prometheus.scrape.annotated_pods
2025-07-05 07:32:06,1250000000,node_network_speed_bytes,vethc6a33180,172.18.0.3:9100,prometheus.scrape.annotated_pods
2025-07-05 07:33:06,1250000000,node_network_speed_bytes,vethc6a33180,172.18.0.3:9100,prometheus.scrape.annotated_pods
2025-07-05 07:34:06,1250000000,node_network_speed_bytes,vethc6a33180,172.18.0.3:9100,prometheus.scrape.annotated_pods
2025-07-05 07:35:06,1250000000,node_network_speed_bytes,vethc6a33180,172.18.0.3:9100,prometheus.scrape.annotated_pods
2025-07-05 07:36:06,1250000000,node_network_speed_bytes,vethc6a33180,172.18.0.3:9100,prometheus.scrape.annotated_pods
2025-07-05 07:37:06,1250000000,node_network_speed_bytes,vethc6a33180,172.18.0.3:9100,prometheus.scrape.annotated_pods
2025-07-05 07:38:06,1250000000,node_network_speed_bytes,vethc6a33180,172.18.0.3:9100,prometheus.scrape.annotated_pods
2025-07-05 07:39:06,1250000000,node_network_speed_bytes,vethc6a33180,172.18.0.3:9100,prometheus.scrape.annotated_pods
2025-07-05 07:40:06,1250000000,node_network_speed_bytes,vethc6a33180,172.18.0.3:9100,prometheus.scrape.annotated_pods
2025-07-05 07:41:06,1250000000,node_network_speed_bytes,vethc6a33180,172.18.0.3:9100,prometheus.scrape.annotated_pods
2025-07-05 07:42:06,1250000000,node_network_speed_bytes,vethc6a33180,172.18.0.3:9100,prometheus.scrape.annotated_pods
2025-07-05 07:43:06,1250000000,node_network_speed_bytes,vethc6a33180,172.18.0.3:9100,prometheus.scrape.annotated_pods
2025-07-05 07:18:06,1250000000,node_network_speed_bytes,vethcdc3b5d9,172.18.0.3:9100,prometheus.scrape.annotated_pods
2025-07-05 07:19:06,1250000000,node_network_speed_bytes,vethcdc3b5d9,172.18.0.3:9100,prometheus.scrape.annotated_pods
2025-07-05 07:20:06,1250000000,node_network_speed_bytes,vethcdc3b5d9,172.18.0.3:9100,prometheus.scrape.annotated_pods
2025-07-05 07:21:06,1250000000,node_network_speed_bytes,vethcdc3b5d9,172.18.0.3:9100,prometheus.scrape.annotated_pods
2025-07-05 07:22:06,1250000000,node_network_speed_bytes,vethcdc3b5d9,172.18.0.3:9100,prometheus.scrape.annotated_pods
2025-07-05 07:23:06,1250000000,node_network_speed_bytes,vethcdc3b5d9,172.18.0.3:9100,prometheus.scrape.annotated_pods
2025-07-05 07:24:06,1250000000,node_network_speed_bytes,vethcdc3b5d9,172.18.0.3:9100,prometheus.scrape.annotated_pods
2025-07-05 07:25:06,1250000000,node_network_speed_bytes,vethcdc3b5d9,172.18.0.3:9100,prometheus.scrape.annotated_pods
2025-07-05 07:26:06,1250000000,node_network_speed_bytes,vethcdc3b5d9,172.18.0.3:9100,prometheus.scrape.annotated_pods
2025-07-05 07:27:06,1250000000,node_network_speed_bytes,vethcdc3b5d9,172.18.0.3:9100,prometheus.scrape.annotated_pods
2025-07-05 07:28:06,1250000000,node_network_speed_bytes,vethcdc3b5d9,172.18.0.3:9100,prometheus.scrape.annotated_pods
2025-07-05 07:29:06,1250000000,node_network_speed_bytes,vethcdc3b5d9,172.18.0.3:9100,prometheus.scrape.annotated_pods
2025-07-05 07:30:06,1250000000,node_network_speed_bytes,vethcdc3b5d9,172.18.0.3:9100,prometheus.scrape.annotated_pods
2025-07-05 07:31:06,1250000000,node_network_speed_bytes,vethcdc3b5d9,172.18.0.3:9100,prometheus.scrape.annotated_pods
2025-07-05 07:32:06,1250000000,node_network_speed_bytes,vethcdc3b5d9,172.18.0.3:9100,prometheus.scrape.annotated_pods
2025-07-05 07:33:06,1250000000,node_network_speed_bytes,vethcdc3b5d9,172.18.0.3:9100,prometheus.scrape.annotated_pods
2025-07-05 07:34:06,1250000000,node_network_speed_bytes,vethcdc3b5d9,172.18.0.3:9100,prometheus.scrape.annotated_pods
2025-07-05 07:35:06,1250000000,node_network_speed_bytes,vethcdc3b5d9,172.18.0.3:9100,prometheus.scrape.annotated_pods
2025-07-05 07:36:06,1250000000,node_network_speed_bytes,vethcdc3b5d9,172.18.0.3:9100,prometheus.scrape.annotated_pods
2025-07-05 07:37:06,1250000000,node_network_speed_bytes,vethcdc3b5d9,172.18.0.3:9100,prometheus.scrape.annotated_pods
2025-07-05 07:38:06,1250000000,node_network_speed_bytes,vethcdc3b5d9,172.18.0.3:9100,prometheus.scrape.annotated_pods
2025-07-05 07:39:06,1250000000,node_network_speed_bytes,vethcdc3b5d9,172.18.0.3:9100,prometheus.scrape.annotated_pods
2025-07-05 07:40:06,1250000000,node_network_speed_bytes,vethcdc3b5d9,172.18.0.3:9100,prometheus.scrape.annotated_pods
2025-07-05 07:41:06,1250000000,node_network_speed_bytes,vethcdc3b5d9,172.18.0.3:9100,prometheus.scrape.annotated_pods
2025-07-05 07:42:06,1250000000,node_network_speed_bytes,vethcdc3b5d9,172.18.0.3:9100,prometheus.scrape.annotated_pods
2025-07-05 07:43:06,1250000000,node_network_speed_bytes,vethcdc3b5d9,172.18.0.3:9100,prometheus.scrape.annotated_pods
2025-07-05 07:18:06,1250000000,node_network_speed_bytes,vethd2a270f3,172.18.0.3:9100,prometheus.scrape.annotated_pods
2025-07-05 07:19:06,1250000000,node_network_speed_bytes,vethd2a270f3,172.18.0.3:9100,prometheus.scrape.annotated_pods
2025-07-05 07:20:06,1250000000,node_network_speed_bytes,vethd2a270f3,172.18.0.3:9100,prometheus.scrape.annotated_pods
2025-07-05 07:21:06,1250000000,node_network_speed_bytes,vethd2a270f3,172.18.0.3:9100,prometheus.scrape.annotated_pods
2025-07-05 07:22:06,1250000000,node_network_speed_bytes,vethd2a270f3,172.18.0.3:9100,prometheus.scrape.annotated_pods
2025-07-05 07:23:06,1250000000,node_network_speed_bytes,vethd2a270f3,172.18.0.3:9100,prometheus.scrape.annotated_pods
2025-07-05 07:24:06,1250000000,node_network_speed_bytes,vethd2a270f3,172.18.0.3:9100,prometheus.scrape.annotated_pods
2025-07-05 07:25:06,1250000000,node_network_speed_bytes,vethd2a270f3,172.18.0.3:9100,prometheus.scrape.annotated_pods
2025-07-05 07:26:06,1250000000,node_network_speed_bytes,vethd2a270f3,172.18.0.3:9100,prometheus.scrape.annotated_pods
2025-07-05 07:27:06,1250000000,node_network_speed_bytes,vethd2a270f3,172.18.0.3:9100,prometheus.scrape.annotated_pods
2025-07-05 07:28:06,1250000000,node_network_speed_bytes,vethd2a270f3,172.18.0.3:9100,prometheus.scrape.annotated_pods
2025-07-05 07:29:06,1250000000,node_network_speed_bytes,vethd2a270f3,172.18.0.3:9100,prometheus.scrape.annotated_pods
2025-07-05 07:30:06,1250000000,node_network_speed_bytes,vethd2a270f3,172.18.0.3:9100,prometheus.scrape.annotated_pods
2025-07-05 07:31:06,1250000000,node_network_speed_bytes,vethd2a270f3,172.18.0.3:9100,prometheus.scrape.annotated_pods
2025-07-05 07:32:06,1250000000,node_network_speed_bytes,vethd2a270f3,172.18.0.3:9100,prometheus.scrape.annotated_pods
2025-07-05 07:33:06,1250000000,node_network_speed_bytes,vethd2a270f3,172.18.0.3:9100,prometheus.scrape.annotated_pods
2025-07-05 07:34:06,1250000000,node_network_speed_bytes,vethd2a270f3,172.18.0.3:9100,prometheus.scrape.annotated_pods
2025-07-05 07:35:06,1250000000,node_network_speed_bytes,vethd2a270f3,172.18.0.3:9100,prometheus.scrape.annotated_pods
2025-07-05 07:36:06,1250000000,node_network_speed_bytes,vethd2a270f3,172.18.0.3:9100,prometheus.scrape.annotated_pods
2025-07-05 07:37:06,1250000000,node_network_speed_bytes,vethd2a270f3,172.18.0.3:9100,prometheus.scrape.annotated_pods
2025-07-05 07:38:06,1250000000,node_network_speed_bytes,vethd2a270f3,172.18.0.3:9100,prometheus.scrape.annotated_pods
2025-07-05 07:39:06,1250000000,node_network_speed_bytes,vethd2a270f3,172.18.0.3:9100,prometheus.scrape.annotated_pods
2025-07-05 07:40:06,1250000000,node_network_speed_bytes,vethd2a270f3,172.18.0.3:9100,prometheus.scrape.annotated_pods
2025-07-05 07:41:06,1250000000,node_network_speed_bytes,vethd2a270f3,172.18.0.3:9100,prometheus.scrape.annotated_pods
2025-07-05 07:42:06,1250000000,node_network_speed_bytes,vethd2a270f3,172.18.0.3:9100,prometheus.scrape.annotated_pods
2025-07-05 07:43:06,1250000000,node_network_speed_bytes,vethd2a270f3,172.18.0.3:9100,prometheus.scrape.annotated_pods
2025-07-05 07:18:06,1250000000,node_network_speed_bytes,vethd323d7b0,172.18.0.3:9100,prometheus.scrape.annotated_pods
2025-07-05 07:19:06,1250000000,node_network_speed_bytes,vethd323d7b0,172.18.0.3:9100,prometheus.scrape.annotated_pods
2025-07-05 07:20:06,1250000000,node_network_speed_bytes,vethd323d7b0,172.18.0.3:9100,prometheus.scrape.annotated_pods
2025-07-05 07:21:06,1250000000,node_network_speed_bytes,vethd323d7b0,172.18.0.3:9100,prometheus.scrape.annotated_pods
2025-07-05 07:22:06,1250000000,node_network_speed_bytes,vethd323d7b0,172.18.0.3:9100,prometheus.scrape.annotated_pods
2025-07-05 07:23:06,1250000000,node_network_speed_bytes,vethd323d7b0,172.18.0.3:9100,prometheus.scrape.annotated_pods
2025-07-05 07:24:06,1250000000,node_network_speed_bytes,vethd323d7b0,172.18.0.3:9100,prometheus.scrape.annotated_pods
2025-07-05 07:25:06,1250000000,node_network_speed_bytes,vethd323d7b0,172.18.0.3:9100,prometheus.scrape.annotated_pods
2025-07-05 07:26:06,1250000000,node_network_speed_bytes,vethd323d7b0,172.18.0.3:9100,prometheus.scrape.annotated_pods
2025-07-05 07:27:06,1250000000,node_network_speed_bytes,vethd323d7b0,172.18.0.3:9100,prometheus.scrape.annotated_pods
2025-07-05 07:28:06,1250000000,node_network_speed_bytes,vethd323d7b0,172.18.0.3:9100,prometheus.scrape.annotated_pods
2025-07-05 07:29:06,1250000000,node_network_speed_bytes,vethd323d7b0,172.18.0.3:9100,prometheus.scrape.annotated_pods
2025-07-05 07:30:06,1250000000,node_network_speed_bytes,vethd323d7b0,172.18.0.3:9100,prometheus.scrape.annotated_pods
2025-07-05 07:31:06,1250000000,node_network_speed_bytes,vethd323d7b0,172.18.0.3:9100,prometheus.scrape.annotated_pods
2025-07-05 07:32:06,1250000000,node_network_speed_bytes,vethd323d7b0,172.18.0.3:9100,prometheus.scrape.annotated_pods
2025-07-05 07:33:06,1250000000,node_network_speed_bytes,vethd323d7b0,172.18.0.3:9100,prometheus.scrape.annotated_pods
2025-07-05 07:34:06,1250000000,node_network_speed_bytes,vethd323d7b0,172.18.0.3:9100,prometheus.scrape.annotated_pods
2025-07-05 07:35:06,1250000000,node_network_speed_bytes,vethd323d7b0,172.18.0.3:9100,prometheus.scrape.annotated_pods
2025-07-05 07:36:06,1250000000,node_network_speed_bytes,vethd323d7b0,172.18.0.3:9100,prometheus.scrape.annotated_pods
2025-07-05 07:37:06,1250000000,node_network_speed_bytes,vethd323d7b0,172.18.0.3:9100,prometheus.scrape.annotated_pods
2025-07-05 07:38:06,1250000000,node_network_speed_bytes,vethd323d7b0,172.18.0.3:9100,prometheus.scrape.annotated_pods
2025-07-05 07:39:06,1250000000,node_network_speed_bytes,vethd323d7b0,172.18.0.3:9100,prometheus.scrape.annotated_pods
2025-07-05 07:40:06,1250000000,node_network_speed_bytes,vethd323d7b0,172.18.0.3:9100,prometheus.scrape.annotated_pods
2025-07-05 07:41:06,1250000000,node_network_speed_bytes,vethd323d7b0,172.18.0.3:9100,prometheus.scrape.annotated_pods
2025-07-05 07:42:06,1250000000,node_network_speed_bytes,vethd323d7b0,172.18.0.3:9100,prometheus.scrape.annotated_pods
2025-07-05 07:43:06,1250000000,node_network_speed_bytes,vethd323d7b0,172.18.0.3:9100,prometheus.scrape.annotated_pods
2025-07-05 07:18:06,1250000000,node_network_speed_bytes,vethd3865c14,172.18.0.3:9100,prometheus.scrape.annotated_pods
2025-07-05 07:19:06,1250000000,node_network_speed_bytes,vethd3865c14,172.18.0.3:9100,prometheus.scrape.annotated_pods
2025-07-05 07:20:06,1250000000,node_network_speed_bytes,vethd3865c14,172.18.0.3:9100,prometheus.scrape.annotated_pods
2025-07-05 07:21:06,1250000000,node_network_speed_bytes,vethd3865c14,172.18.0.3:9100,prometheus.scrape.annotated_pods
2025-07-05 07:22:06,1250000000,node_network_speed_bytes,vethd3865c14,172.18.0.3:9100,prometheus.scrape.annotated_pods
2025-07-05 07:23:06,1250000000,node_network_speed_bytes,vethd3865c14,172.18.0.3:9100,prometheus.scrape.annotated_pods
2025-07-05 07:24:06,1250000000,node_network_speed_bytes,vethd3865c14,172.18.0.3:9100,prometheus.scrape.annotated_pods
2025-07-05 07:25:06,1250000000,node_network_speed_bytes,vethd3865c14,172.18.0.3:9100,prometheus.scrape.annotated_pods
2025-07-05 07:26:06,1250000000,node_network_speed_bytes,vethd3865c14,172.18.0.3:9100,prometheus.scrape.annotated_pods
2025-07-05 07:27:06,1250000000,node_network_speed_bytes,vethd3865c14,172.18.0.3:9100,prometheus.scrape.annotated_pods
2025-07-05 07:28:06,1250000000,node_network_speed_bytes,vethd3865c14,172.18.0.3:9100,prometheus.scrape.annotated_pods
2025-07-05 07:29:06,1250000000,node_network_speed_bytes,vethd3865c14,172.18.0.3:9100,prometheus.scrape.annotated_pods
2025-07-05 07:30:06,1250000000,node_network_speed_bytes,vethd3865c14,172.18.0.3:9100,prometheus.scrape.annotated_pods
2025-07-05 07:31:06,1250000000,node_network_speed_bytes,vethd3865c14,172.18.0.3:9100,prometheus.scrape.annotated_pods
2025-07-05 07:32:06,1250000000,node_network_speed_bytes,vethd3865c14,172.18.0.3:9100,prometheus.scrape.annotated_pods
2025-07-05 07:33:06,1250000000,node_network_speed_bytes,vethd3865c14,172.18.0.3:9100,prometheus.scrape.annotated_pods
2025-07-05 07:34:06,1250000000,node_network_speed_bytes,vethd3865c14,172.18.0.3:9100,prometheus.scrape.annotated_pods
2025-07-05 07:35:06,1250000000,node_network_speed_bytes,vethd3865c14,172.18.0.3:9100,prometheus.scrape.annotated_pods
2025-07-05 07:36:06,1250000000,node_network_speed_bytes,vethd3865c14,172.18.0.3:9100,prometheus.scrape.annotated_pods
2025-07-05 07:37:06,1250000000,node_network_speed_bytes,vethd3865c14,172.18.0.3:9100,prometheus.scrape.annotated_pods
2025-07-05 07:38:06,1250000000,node_network_speed_bytes,vethd3865c14,172.18.0.3:9100,prometheus.scrape.annotated_pods
2025-07-05 07:39:06,1250000000,node_network_speed_bytes,vethd3865c14,172.18.0.3:9100,prometheus.scrape.annotated_pods
2025-07-05 07:40:06,1250000000,node_network_speed_bytes,vethd3865c14,172.18.0.3:9100,prometheus.scrape.annotated_pods
2025-07-05 07:41:06,1250000000,node_network_speed_bytes,vethd3865c14,172.18.0.3:9100,prometheus.scrape.annotated_pods
2025-07-05 07:42:06,1250000000,node_network_speed_bytes,vethd3865c14,172.18.0.3:9100,prometheus.scrape.annotated_pods
2025-07-05 07:43:06,1250000000,node_network_speed_bytes,vethd3865c14,172.18.0.3:9100,prometheus.scrape.annotated_pods
2025-07-05 07:43:06,1250000000,node_network_speed_bytes,vethd8a9e48a,172.18.0.3:9100,prometheus.scrape.annotated_pods
2025-07-05 07:43:06,1250000000,node_network_speed_bytes,vethd985d382,172.18.0.3:9100,prometheus.scrape.annotated_pods
2025-07-05 07:18:06,1250000000,node_network_speed_bytes,vethda2f7caf,172.18.0.2:9100,prometheus.scrape.annotated_pods
2025-07-05 07:19:06,1250000000,node_network_speed_bytes,vethda2f7caf,172.18.0.2:9100,prometheus.scrape.annotated_pods
2025-07-05 07:20:06,1250000000,node_network_speed_bytes,vethda2f7caf,172.18.0.2:9100,prometheus.scrape.annotated_pods
2025-07-05 07:21:06,1250000000,node_network_speed_bytes,vethda2f7caf,172.18.0.2:9100,prometheus.scrape.annotated_pods
2025-07-05 07:22:06,1250000000,node_network_speed_bytes,vethda2f7caf,172.18.0.2:9100,prometheus.scrape.annotated_pods
2025-07-05 07:23:06,1250000000,node_network_speed_bytes,vethda2f7caf,172.18.0.2:9100,prometheus.scrape.annotated_pods
2025-07-05 07:24:06,1250000000,node_network_speed_bytes,vethda2f7caf,172.18.0.2:9100,prometheus.scrape.annotated_pods
2025-07-05 07:25:06,1250000000,node_network_speed_bytes,vethda2f7caf,172.18.0.2:9100,prometheus.scrape.annotated_pods
2025-07-05 07:26:06,1250000000,node_network_speed_bytes,vethda2f7caf,172.18.0.2:9100,prometheus.scrape.annotated_pods
2025-07-05 07:27:06,1250000000,node_network_speed_bytes,vethda2f7caf,172.18.0.2:9100,prometheus.scrape.annotated_pods
2025-07-05 07:28:06,1250000000,node_network_speed_bytes,vethda2f7caf,172.18.0.2:9100,prometheus.scrape.annotated_pods
2025-07-05 07:29:06,1250000000,node_network_speed_bytes,vethda2f7caf,172.18.0.2:9100,prometheus.scrape.annotated_pods
2025-07-05 07:30:06,1250000000,node_network_speed_bytes,vethda2f7caf,172.18.0.2:9100,prometheus.scrape.annotated_pods
2025-07-05 07:31:06,1250000000,node_network_speed_bytes,vethda2f7caf,172.18.0.2:9100,prometheus.scrape.annotated_pods
2025-07-05 07:32:06,1250000000,node_network_speed_bytes,vethda2f7caf,172.18.0.2:9100,prometheus.scrape.annotated_pods
2025-07-05 07:33:06,1250000000,node_network_speed_bytes,vethda2f7caf,172.18.0.2:9100,prometheus.scrape.annotated_pods
2025-07-05 07:34:06,1250000000,node_network_speed_bytes,vethda2f7caf,172.18.0.2:9100,prometheus.scrape.annotated_pods
2025-07-05 07:35:06,1250000000,node_network_speed_bytes,vethda2f7caf,172.18.0.2:9100,prometheus.scrape.annotated_pods
2025-07-05 07:36:06,1250000000,node_network_speed_bytes,vethda2f7caf,172.18.0.2:9100,prometheus.scrape.annotated_pods
2025-07-05 07:37:06,1250000000,node_network_speed_bytes,vethda2f7caf,172.18.0.2:9100,prometheus.scrape.annotated_pods
2025-07-05 07:38:06,1250000000,node_network_speed_bytes,vethda2f7caf,172.18.0.2:9100,prometheus.scrape.annotated_pods
2025-07-05 07:39:06,1250000000,node_network_speed_bytes,vethda2f7caf,172.18.0.2:9100,prometheus.scrape.annotated_pods
2025-07-05 07:40:06,1250000000,node_network_speed_bytes,vethda2f7caf,172.18.0.2:9100,prometheus.scrape.annotated_pods
2025-07-05 07:41:06,1250000000,node_network_speed_bytes,vethda2f7caf,172.18.0.2:9100,prometheus.scrape.annotated_pods
2025-07-05 07:42:06,1250000000,node_network_speed_bytes,vethda2f7caf,172.18.0.2:9100,prometheus.scrape.annotated_pods
2025-07-05 07:43:06,1250000000,node_network_speed_bytes,vethda2f7caf,172.18.0.2:9100,prometheus.scrape.annotated_pods
2025-07-05 07:18:06,1250000000,node_network_speed_bytes,vethdab9b6c6,172.18.0.2:9100,prometheus.scrape.annotated_pods
2025-07-05 07:19:06,1250000000,node_network_speed_bytes,vethdab9b6c6,172.18.0.2:9100,prometheus.scrape.annotated_pods
2025-07-05 07:20:06,1250000000,node_network_speed_bytes,vethdab9b6c6,172.18.0.2:9100,prometheus.scrape.annotated_pods
2025-07-05 07:21:06,1250000000,node_network_speed_bytes,vethdab9b6c6,172.18.0.2:9100,prometheus.scrape.annotated_pods
2025-07-05 07:22:06,1250000000,node_network_speed_bytes,vethdab9b6c6,172.18.0.2:9100,prometheus.scrape.annotated_pods
2025-07-05 07:23:06,1250000000,node_network_speed_bytes,vethdab9b6c6,172.18.0.2:9100,prometheus.scrape.annotated_pods
2025-07-05 07:24:06,1250000000,node_network_speed_bytes,vethdab9b6c6,172.18.0.2:9100,prometheus.scrape.annotated_pods
2025-07-05 07:25:06,1250000000,node_network_speed_bytes,vethdab9b6c6,172.18.0.2:9100,prometheus.scrape.annotated_pods
2025-07-05 07:26:06,1250000000,node_network_speed_bytes,vethdab9b6c6,172.18.0.2:9100,prometheus.scrape.annotated_pods
2025-07-05 07:27:06,1250000000,node_network_speed_bytes,vethdab9b6c6,172.18.0.2:9100,prometheus.scrape.annotated_pods
2025-07-05 07:28:06,1250000000,node_network_speed_bytes,vethdab9b6c6,172.18.0.2:9100,prometheus.scrape.annotated_pods
2025-07-05 07:29:06,1250000000,node_network_speed_bytes,vethdab9b6c6,172.18.0.2:9100,prometheus.scrape.annotated_pods
2025-07-05 07:30:06,1250000000,node_network_speed_bytes,vethdab9b6c6,172.18.0.2:9100,prometheus.scrape.annotated_pods
2025-07-05 07:31:06,1250000000,node_network_speed_bytes,vethdab9b6c6,172.18.0.2:9100,prometheus.scrape.annotated_pods
2025-07-05 07:32:06,1250000000,node_network_speed_bytes,vethdab9b6c6,172.18.0.2:9100,prometheus.scrape.annotated_pods
2025-07-05 07:33:06,1250000000,node_network_speed_bytes,vethdab9b6c6,172.18.0.2:9100,prometheus.scrape.annotated_pods
2025-07-05 07:34:06,1250000000,node_network_speed_bytes,vethdab9b6c6,172.18.0.2:9100,prometheus.scrape.annotated_pods
2025-07-05 07:35:06,1250000000,node_network_speed_bytes,vethdab9b6c6,172.18.0.2:9100,prometheus.scrape.annotated_pods
2025-07-05 07:36:06,1250000000,node_network_speed_bytes,vethdab9b6c6,172.18.0.2:9100,prometheus.scrape.annotated_pods
2025-07-05 07:37:06,1250000000,node_network_speed_bytes,vethdab9b6c6,172.18.0.2:9100,prometheus.scrape.annotated_pods
2025-07-05 07:38:06,1250000000,node_network_speed_bytes,vethdab9b6c6,172.18.0.2:9100,prometheus.scrape.annotated_pods
2025-07-05 07:39:06,1250000000,node_network_speed_bytes,vethdab9b6c6,172.18.0.2:9100,prometheus.scrape.annotated_pods
2025-07-05 07:40:06,1250000000,node_network_speed_bytes,vethdab9b6c6,172.18.0.2:9100,prometheus.scrape.annotated_pods
2025-07-05 07:41:06,1250000000,node_network_speed_bytes,vethdab9b6c6,172.18.0.2:9100,prometheus.scrape.annotated_pods
2025-07-05 07:42:06,1250000000,node_network_speed_bytes,vethdab9b6c6,172.18.0.2:9100,prometheus.scrape.annotated_pods
2025-07-05 07:43:06,1250000000,node_network_speed_bytes,vethdab9b6c6,172.18.0.2:9100,prometheus.scrape.annotated_pods
2025-07-05 07:43:06,1250000000,node_network_speed_bytes,vetheaea61a4,172.18.0.2:9100,prometheus.scrape.annotated_pods
2025-07-05 07:18:06,1250000000,node_network_speed_bytes,vethfc78a0f1,172.18.0.3:9100,prometheus.scrape.annotated_pods
2025-07-05 07:19:06,1250000000,node_network_speed_bytes,vethfc78a0f1,172.18.0.3:9100,prometheus.scrape.annotated_pods
2025-07-05 07:20:06,1250000000,node_network_speed_bytes,vethfc78a0f1,172.18.0.3:9100,prometheus.scrape.annotated_pods
2025-07-05 07:21:06,1250000000,node_network_speed_bytes,vethfc78a0f1,172.18.0.3:9100,prometheus.scrape.annotated_pods
2025-07-05 07:22:06,1250000000,node_network_speed_bytes,vethfc78a0f1,172.18.0.3:9100,prometheus.scrape.annotated_pods
2025-07-05 07:23:06,1250000000,node_network_speed_bytes,vethfc78a0f1,172.18.0.3:9100,prometheus.scrape.annotated_pods
2025-07-05 07:24:06,1250000000,node_network_speed_bytes,vethfc78a0f1,172.18.0.3:9100,prometheus.scrape.annotated_pods
2025-07-05 07:25:06,1250000000,node_network_speed_bytes,vethfc78a0f1,172.18.0.3:9100,prometheus.scrape.annotated_pods
2025-07-05 07:26:06,1250000000,node_network_speed_bytes,vethfc78a0f1,172.18.0.3:9100,prometheus.scrape.annotated_pods
2025-07-05 07:27:06,1250000000,node_network_speed_bytes,vethfc78a0f1,172.18.0.3:9100,prometheus.scrape.annotated_pods
2025-07-05 07:28:06,1250000000,node_network_speed_bytes,vethfc78a0f1,172.18.0.3:9100,prometheus.scrape.annotated_pods
2025-07-05 07:29:06,1250000000,node_network_speed_bytes,vethfc78a0f1,172.18.0.3:9100,prometheus.scrape.annotated_pods
2025-07-05 07:30:06,1250000000,node_network_speed_bytes,vethfc78a0f1,172.18.0.3:9100,prometheus.scrape.annotated_pods
2025-07-05 07:31:06,1250000000,node_network_speed_bytes,vethfc78a0f1,172.18.0.3:9100,prometheus.scrape.annotated_pods
2025-07-05 07:32:06,1250000000,node_network_speed_bytes,vethfc78a0f1,172.18.0.3:9100,prometheus.scrape.annotated_pods
2025-07-05 07:33:06,1250000000,node_network_speed_bytes,vethfc78a0f1,172.18.0.3:9100,prometheus.scrape.annotated_pods
2025-07-05 07:34:06,1250000000,node_network_speed_bytes,vethfc78a0f1,172.18.0.3:9100,prometheus.scrape.annotated_pods
2025-07-05 07:35:06,1250000000,node_network_speed_bytes,vethfc78a0f1,172.18.0.3:9100,prometheus.scrape.annotated_pods
2025-07-05 07:36:06,1250000000,node_network_speed_bytes,vethfc78a0f1,172.18.0.3:9100,prometheus.scrape.annotated_pods
2025-07-05 07:37:06,1250000000,node_network_speed_bytes,vethfc78a0f1,172.18.0.3:9100,prometheus.scrape.annotated_pods
2025-07-05 07:38:06,1250000000,node_network_speed_bytes,vethfc78a0f1,172.18.0.3:9100,prometheus.scrape.annotated_pods
2025-07-05 07:39:06,1250000000,node_network_speed_bytes,vethfc78a0f1,172.18.0.3:9100,prometheus.scrape.annotated_pods
2025-07-05 07:40:06,1250000000,node_network_speed_bytes,vethfc78a0f1,172.18.0.3:9100,prometheus.scrape.annotated_pods
2025-07-05 07:41:06,1250000000,node_network_speed_bytes,vethfc78a0f1,172.18.0.3:9100,prometheus.scrape.annotated_pods
2025-07-05 07:42:06,1250000000,node_network_speed_bytes,vethfc78a0f1,172.18.0.3:9100,prometheus.scrape.annotated_pods
2025-07-05 07:43:06,1250000000,node_network_speed_bytes,vethfc78a0f1,172.18.0.3:9100,prometheus.scrape.annotated_pods
